confirmed_exchange_in_atom,confirmed_exchange_out_atom,unconfirmed_behavioral_in_atom,ibc_inbound_atom,ibc_outbound_atom,confirmed_exchange_gross_atom,confirmed_exchange_net_in_atom,all_behavioral_candidate_in_atom,ibc_gross_atom,ibc_net_inbound_atom,binance_usdt_range_pct_of_open,binance_usdt_base_volume_atom,binance_usdt_quote_volume,binance_usdt_trade_count,binance_usdt_realized_abs_return_pct,max_usdt_vs_usdc_low_discount_pct,max_usdt_vs_mark_low_discount_pct,max_usdt_vs_coinbase_low_discount_pct,start_utc,end_utc
20698.962728000002,5039.389988,27160.544145,2710.145861,4046.437902,25738.352716,15659.572740000003,47859.506873000006,6756.5837630000005,-1336.2920410000002,0.8712698758440435,89932.96,411554.10602,3301.0,7.163175192099347,0.15327348368733285,0.0,0.13131976362442677,2025-09-10T00:00:00Z,2025-09-10T02:00:00Z
11808.076135000001,11950.53987,56318.699322,6687.921716,2992.733678,23758.616005000003,-142.46373499999936,68126.775457,9680.655394,3695.188038,0.8953920069884335,83837.1,386211.40606,2969.0,6.236837044842969,0.13071895424836555,-0.0037981503224759905,0.15200868621064734,2025-09-10T02:00:00Z,2025-09-10T04:00:00Z
3042.428247,3276.380602,53323.17229,4176.465223,6991.937505,6318.808849,-233.95235500000035,56365.600537000006,11168.402728000001,-2815.4722819999997,1.1048526863084958,144826.44,664943.6539,3040.0,6.303389033052853,0.23819835426591718,0.005606820658488054,0.08726003490400203,2025-09-10T04:00:00Z,2025-09-10T06:00:00Z
84195.185603,84293.694397,55171.810595999996,10618.173359,15008.569553,168488.88,-98.50879399999394,139366.996199,25626.742912,-4390.396193999999,1.0006525995214326,76107.65,350855.56386,2727.0,5.105315828147838,0.15257192676546572,-0.0005384978976064048,0.08705114254623503,2025-09-10T06:00:00Z,2025-09-10T08:00:00Z
105233.59895099999,79628.93498,76511.20245699999,54016.565405,52539.679957,184862.53393099998,25604.663970999987,181744.801408,106556.245362,1476.885448000001,1.1489269455885525,133660.14,617266.61035,4604.0,6.327002153752148,0.1512859304084624,0.0,0.08652390222799733,2025-09-10T08:00:00Z,2025-09-10T10:00:00Z
42384.567551,44852.421189,74911.053737,7317.877597,14191.408985,87236.98874,-2467.8536380000005,117295.621288,21509.286582,-6873.531388,0.7559395248380161,163175.97,756496.8060100001,4487.0,6.7970339659426005,0.08648648648648116,0.0,0.108061378863189,2025-09-10T10:00:00Z,2025-09-10T12:00:00Z
83350.058527,81044.122251,61199.485999,23324.391429,11500.111785,164394.18077799998,2305.9362760000076,144549.54452599998,34824.503214,11824.279644,2.0540540540540486,262714.3,1228460.06261,9559.0,9.706966613954648,0.1493492639214944,0.09118768165544688,0.10692899914456211,2025-09-10T12:00:00Z,2025-09-10T14:00:00Z
157820.570325,155495.165024,278095.769737,38554.593351,11916.104732,313315.73534899997,2325.4053010000207,435916.340062,50470.698083,26638.488619000003,1.192504258943783,285902.14,1339755.16654,6476.0,7.9696559249783805,0.4914529914529897,0.46459012832512636,0.5127109591967494,2025-09-10T14:00:00Z,2025-09-10T16:00:00Z
31531.258922,33362.67029,98467.268746,3381.18879,10584.999093,64893.929212,-1831.411368000001,129998.527668,13966.187883,-7203.810303,0.7889125799573543,65299.06,305037.12652,2630.0,4.985818789644769,0.12845215157354373,0.019645390363365323,0.10706638115631772,2025-09-10T16:00:00Z,2025-09-10T18:00:00Z
17956.74826,18419.793312,73847.858907,9076.397653,17846.386781999998,36376.541572,-463.0450520000013,91804.60716700001,26922.784434999998,-8769.989128999998,1.4144877839691348,142352.98,660771.6168,3034.0,5.369591863302126,0.10736525660296481,0.08591065292095079,0.08591065292095079,2025-09-10T18:00:00Z,2025-09-10T20:00:00Z
202663.150478,200588.630594,46122.554077,31998.300932000002,18848.578938,403251.781072,2074.5198840000085,248785.704555,50846.879870000004,13149.721994000003,1.689042875703774,129620.06,604267.6383,3215.0,5.262071921785294,0.1504082509669047,0.0,0.10768899418479583,2025-09-10T20:00:00Z,2025-09-10T22:00:00Z
105669.10483899999,113813.03702,270693.187525,969.3569630000001,5830.975036,219482.141859,-8143.932181000011,376362.292364,6800.331999,-4861.618073,1.0258602265441343,124241.6,582544.89043,3579.0,5.88870558775314,0.10667804565820393,0.0,0.08530603540201076,2025-09-10T22:00:00Z,2025-09-11T00:00:00Z
6936.481651,6796.074605,52049.840247,2350.598936,1693.8493210000001,13732.556256,140.40704600000026,58986.321898,4044.448257,656.7496149999997,0.5554368724631447,80899.43,379352.10534,1647.0,4.738004848544453,0.10663254425250512,-0.014217481255474063,0.1280409731113985,2025-09-11T00:00:00Z,2025-09-11T02:00:00Z
40195.496807,40614.558567,44873.756291,1898.079303,3620.448828,80810.055374,-419.06175999999687,85069.253098,5518.528131,-1722.369525,0.6606990622335825,60843.81,285461.20772999997,1734.0,4.265834644110855,0.08536064874091753,0.0,0.0852151682999458,2025-09-11T02:00:00Z,2025-09-11T04:00:00Z
49964.318189,47721.534066,60658.567401,2867.056138,9016.323832,97685.852255,2242.7841229999976,110622.88558999999,11883.37997,-6149.267694,0.99978727930227,114012.49,533832.13153,2234.0,4.335509450862873,0.10722710701265292,0.0858000858000807,0.10706638115631772,2025-09-11T04:00:00Z,2025-09-11T06:00:00Z
5918.562801,5300.499762,53911.93571,2143.486623,3693.889141,11219.062563,618.0630389999997,59830.498511,5837.375764,-1550.4025180000003,0.6428112277694504,49690.65,232297.23529,1836.0,4.471889381266636,0.1280409731113985,0.00799721539215259,0.08550662676356513,2025-09-11T06:00:00Z,2025-09-11T08:00:00Z
13796.348818,13126.793408,56360.267307999995,1964.6684089999999,21055.490006,26923.142226,669.5554100000008,70156.616126,23020.158414999998,-19090.821597000002,0.7277397260274122,41029.1,191266.40258,1501.0,3.925059697551947,0.10738831615120237,0.006304629229414438,0.10745755426606607,2025-09-11T08:00:00Z,2025-09-11T10:00:00Z
47812.19933,53144.966837,88135.806314,3173.63211,9544.932072,100957.166167,-5332.767506999997,135948.00564400002,12718.564182,-6371.299961999999,0.6663800515907261,79810.61,370879.6695,2057.0,4.560188263183651,0.12886597938143174,0.02155172413791373,0.1290322580645209,2025-09-11T10:00:00Z,2025-09-11T12:00:00Z
61904.311451,58103.902168,53106.186481,29055.825120999998,21374.898424,120008.213619,3800.409283000001,115010.497932,50430.723545,7680.926696999999,1.965018354567052,333086.15,1541508.08348,10617.0,12.065036350682012,0.1522732216663214,0.14850093325148306,0.12919896640827266,2025-09-11T12:00:00Z,2025-09-11T14:00:00Z
29144.279032,29615.138709000003,232016.807355,18617.073299,11379.676348,58759.417741,-470.859677000004,261161.086387,29996.749647,7237.396950999999,1.1130136986301287,95538.53,444334.93699,3033.0,6.693835092830858,0.17196904557179593,-0.02260351971274943,0.10792143319663383,2025-09-11T14:00:00Z,2025-09-11T16:00:00Z
20135.168454,18567.231482,75349.434419,25638.733757,12752.859626,38702.399936,1567.9369719999995,95484.602873,38391.593383,12885.874131000002,0.777705767984437,51240.54,238107.35941,1763.0,5.594254937543797,0.12922679302175277,0.002319688678475984,0.0860955660783369,2025-09-11T16:00:00Z,2025-09-11T18:00:00Z
25434.308923,23801.638211999998,66615.721605,13524.095479,9144.56047,49235.947134999995,1632.6707110000025,92050.030528,22668.655949,4379.535008999999,0.8154506437768294,79675.41,371859.17167,2239.0,4.350636107454053,0.10713520462823922,0.0,0.1496685909771145,2025-09-11T18:00:00Z,2025-09-11T20:00:00Z
13730.526975,19660.004076999998,61149.048268,14790.709085,7436.628616999999,33390.531052,-5929.477101999997,74879.575243,22227.337702,7354.080468000001,0.4490057729313643,52227.700000000004,244906.89831,1780.0,3.7531644390511376,0.10654165778819502,0.0,0.1704303365999138,2025-09-11T20:00:00Z,2025-09-11T22:00:00Z
22875.037663,22672.528728,78052.44388,4593.888426,1956.669327,45547.566391,202.50893499999802,100927.481543,6550.557753000001,2637.2190990000004,0.3194888178913859,70648.97,331664.42574,2352.0,4.02564946152848,0.10651896037494613,0.012877497497243429,0.12768674185997808,2025-09-11T22:00:00Z,2025-09-12T00:00:00Z
17834.469465,18779.848504,78722.052829,10751.078945000001,4558.376361,36614.317968999996,-945.3790390000031,96556.522294,15309.455306,6192.7025840000015,1.0867249094395943,128125.16,603657.49382,3948.0,5.435275994816058,0.10636034886194468,0.08469193309336154,0.10656436487638254,2025-09-12T00:00:00Z,2025-09-12T02:00:00Z
16075.503572000001,13938.164347,231974.765383,5202.309348,8522.290018,30013.667919,2137.3392250000015,248050.26895499998,13724.599365999999,-3319.98067,0.7244832729597233,91267.94,427625.8483,2179.0,3.8230165715495312,0.12801365478984916,0.06406149903908087,0.1493492639214944,2025-09-12T02:00:00Z,2025-09-12T04:00:00Z
20989.116654999998,21139.377781,59054.135568,1301.13416,2942.818797,42128.49443599999,-150.26112600000124,80043.25222299999,4243.9529569999995,-1641.6846369999998,0.8336896109448608,48321.26,226377.06539,1850.0,4.033818154357838,0.17039403620873195,0.0063222429868670105,0.08552490912977495,2025-09-12T04:00:00Z,2025-09-12T06:00:00Z
16425.17564,19703.778114,32468.25548,2395.260664,7634.026059,36128.953754,-3278.6024739999993,48893.43112,10029.286723,-5238.765395,0.8920985556499536,96574.6,452637.41231,3054.0,4.435994654925612,0.17032148179688678,0.02134927412468235,0.1279590531030106,2025-09-12T06:00:00Z,2025-09-12T08:00:00Z
18346.356394,17549.126428,70987.894556,2193.163699,21494.612831,35895.482822,797.229965999999,89334.25095,23687.77653,-19301.449131999998,0.8985879332477495,223686.48,1041237.98516,3166.0,3.9111496104571764,0.23671185711211518,0.3164059624602089,0.23671185711211518,2025-09-12T08:00:00Z,2025-09-12T10:00:00Z
26603.620399,30510.692278,168717.922713,19052.280747,10479.660789,57114.312676999994,-3907.071878999999,195321.543112,29531.941536,8572.619958000001,0.6248653307476818,55441.62,256983.21163,1956.0,4.615733786507303,0.10775862068965747,0.0,0.08631851532154844,2025-09-12T10:00:00Z,2025-09-12T12:00:00Z
27857.54715,24182.135755,36862.426051,8441.835163,7856.7726649999995,52039.682904999994,3675.411394999999,64719.973201,16298.607828,585.0624980000002,1.449902618480852,253367.22,1176444.25749,3724.0,5.732954176117788,0.10815487778498278,-0.02892968115444372,0.10827197921178255,2025-09-12T12:00:00Z,2025-09-12T14:00:00Z
33920.830126,34664.264509,111652.077656,8911.756697,5209.660191,68585.094635,-743.4343829999998,145572.907782,14121.416888,3702.0965060000008,0.9654580562111121,84081.9,392087.11625,2370.0,6.177720211526783,0.21390374331550221,-0.015381045823104067,0.19305019305020377,2025-09-12T14:00:00Z,2025-09-12T16:00:00Z
69007.37674400001,68260.098119,59032.418999,11437.789029,5748.8992960000005,137267.474863,747.2786250000063,128039.79574300001,17186.688325,5688.889732999999,1.1820330969267272,81221.84,380022.51943,2476.0,5.582430418749462,0.1502468340845553,0.007674907601451508,0.10715816545222578,2025-09-12T16:00:00Z,2025-09-12T18:00:00Z
46583.904854,49912.193503999995,46194.65568,14113.620522000001,4587.578576,96496.09835799999,-3328.288649999995,92778.560534,18701.199098,9526.041946000001,1.0857994464551874,115534.94,545678.74568,2824.0,3.980013448249675,0.1474926253687392,0.0230033588515699,0.1474926253687392,2025-09-12T18:00:00Z,2025-09-12T20:00:00Z
10132.299676999999,11032.592089,24898.159616,11708.404088,13496.780368,21164.891766,-900.2924120000007,35030.459293,25205.184456,-1788.3762800000004,0.674963087956128,96010.3,453157.48883,2063.0,4.679247526574759,0.19063757678459137,0.06364022061943198,0.14836795252224366,2025-09-12T20:00:00Z,2025-09-12T22:00:00Z
260152.93765100001,259061.891828,162765.461319,6181.230812,3921.893004,519214.829479,1091.0458230000222,422918.39897,10103.123816,2259.3378079999998,0.7201864011861853,93013.69,441170.41741,2304.0,3.9862229374447278,0.1683147485798453,0.015863741205068838,0.16920473773265332,2025-09-12T22:00:00Z,2025-09-13T00:00:00Z
94488.466629,95737.240642,168509.925977,10264.692823,3113.501537,190225.70727100002,-1248.774013000002,262998.392606,13378.19436,7151.191285999999,1.0317961676142238,146355.93,696824.44014,3651.0,5.841029879190285,0.20920502092051096,0.04184975936387669,0.12620950778290396,2025-09-13T00:00:00Z,2025-09-13T02:00:00Z
57597.116535,57916.343134,103297.442198,4317.022393,12216.060342,115513.459669,-319.22659900000144,160894.558733,16533.082735,-7899.0379490000005,1.3066385669125264,493117.77,2343743.28517,5423.0,4.687401835692295,0.7374631268436627,0.9962956495735753,0.8836524300441795,2025-09-13T02:00:00Z,2025-09-13T04:00:00Z
47073.251658,45386.370184,74300.042838,6094.710292,5917.300109000001,92459.621842,1686.8814740000016,121373.29449599999,12012.010401,177.41018299999905,0.9661835748792326,140598.05,671117.62859,2529.0,3.5188019156727757,0.12599748005038824,0.03671382692301828,0.14675052410900724,2025-09-13T04:00:00Z,2025-09-13T06:00:00Z
65924.469057,64395.437612,60497.083891,10695.220996,9956.948382999999,130319.90666899999,1529.0314449999933,126421.552948,20652.169379,738.272613000001,0.4589069670421226,152359.84,730274.32386,2658.0,3.7769207446152198,0.1460767946577568,0.02111199600335345,0.125234815278652,2025-09-13T06:00:00Z,2025-09-13T08:00:00Z
147763.028001,151078.52372599998,84842.390902,10786.887268,5272.16525,298841.551727,-3315.495724999986,232605.418903,16059.052518,5514.722018,1.2949039264828794,175474.76,845611.94778,3715.0,3.9839955183181397,0.16539177175936004,0.026256819694225886,0.12409513960703888,2025-09-13T08:00:00Z,2025-09-13T10:00:00Z
36097.909847,35726.705706,124952.561288,4486.728571,27044.116725,71824.61555300001,371.204141000002,161050.471135,31530.845296,-22557.388154,0.9284093253558887,144252.76,699343.70877,3745.0,6.025829497523616,0.12399256044637319,0.040750467969152826,0.1446579871874465,2025-09-13T10:00:00Z,2025-09-13T12:00:00Z
66675.251939,62168.167129999994,410565.683889,10532.984853,16636.598027,128843.419069,4507.084809,477240.93582799996,27169.58288,-6103.613174,2.034107252927886,230957.42,1120204.43763,6069.0,7.213256474338792,0.1642373229316374,0.20842017507294308,0.20682523267838704,2025-09-13T12:00:00Z,2025-09-13T14:00:00Z
62521.274147,64836.467555,69819.915752,18314.614942,5182.299378,127357.741702,-2315.1934080000065,132341.189899,23496.91432,13132.315564,1.8407445708376324,222383.73,1079621.43583,6806.0,9.915246121888256,0.2263840296357289,0.03780892551723536,0.14418125643667068,2025-09-13T14:00:00Z,2025-09-13T16:00:00Z
82817.469467,79464.361411,67448.951696,17761.54517,20106.936235999998,162281.830878,3353.1080559999973,150266.421163,37868.481406,-2345.3910659999965,2.4737167594310474,285958.04,1377476.09987,8869.0,10.262200231915596,0.1443001443001357,0.09271533733503645,0.27196652719665426,2025-09-13T16:00:00Z,2025-09-13T18:00:00Z
77188.392937,79276.754577,241144.06126699998,5421.231748,4104.989581,156465.147514,-2088.361640000003,318332.45420399995,9526.221329,1316.2421670000003,0.8274720728175432,126920.56,611318.20927,4195.0,6.853809458696758,0.20764119601328623,0.028888576445684766,0.20703933747411307,2025-09-13T18:00:00Z,2025-09-13T20:00:00Z
31024.411304,31206.685166,169642.28788299998,14080.437046000001,11628.126416000001,62231.096470000004,-182.2738619999982,200666.699187,25708.563462000002,2452.31063,0.8322929671244286,114677.79,554206.68715,2659.0,4.801939609864547,0.18629683295384725,0.06134751463572341,0.1243265644425895,2025-09-13T20:00:00Z,2025-09-13T22:00:00Z
15761.234887,15296.220785,28983.450575,1741.213841,2074.494061,31057.455672,465.014102000001,44744.685462,3815.707902,-333.2802199999999,0.620989443179471,41573.42,200686.36893,1610.0,4.101037623201886,0.14483757500518557,0.020712510356257763,0.12430080795525766,2025-09-13T22:00:00Z,2025-09-14T00:00:00Z
13053.628234,15008.527855,32388.209131,4680.162647,14734.206881,28062.156089,-1954.8996210000005,45441.837365,19414.369528,-10054.044234,1.4724180837826757,81090.34,388005.11368,3047.0,6.137810066208971,0.12594458438287548,0.04186728072010926,0.16764459346185756,2025-09-14T00:00:00Z,2025-09-14T02:00:00Z
27717.762935,28178.891669,142769.37858000002,4643.323988,3041.8177920000003,55896.654603999996,-461.1287340000017,170487.14151500002,7685.14178,1601.5061959999998,1.4794748906022215,89562.61,428954.98413,2943.0,6.071933912329608,0.16694490818029983,0.05959275670601727,0.14565126924677152,2025-09-14T02:00:00Z,2025-09-14T04:00:00Z
50638.071907000005,49050.993840999996,62122.831697,15009.579480999999,9545.767649,99689.065748,1587.0780660000091,112760.903604,24555.34713,5463.811831999999,1.8725015779507577,125253.21,595471.83991,3533.0,5.150660528993001,0.18789144050105344,0.08494372478232703,0.14855687606111223,2025-09-14T04:00:00Z,2025-09-14T06:00:00Z
26804.265634,25915.679695,124187.075353,9114.253825,14509.651335999999,52719.945328999995,888.5859390000005,150991.340987,23623.905161,-5395.397510999999,0.9803921568627392,74528.53,355775.48016,2502.0,5.885583621676038,0.20924879681941677,0.04551094756887197,0.16757436112274648,2025-09-14T06:00:00Z,2025-09-14T08:00:00Z
266806.493176,263800.541758,49589.454257,2320.615134,3973.798213,530607.034934,3005.9514180000406,316395.947433,6294.413347,-1653.183079,0.902413431269678,92405.5,439989.83101,2844.0,5.736726696438166,0.1891948707168245,0.04214075010536833,0.1472444257467287,2025-09-14T08:00:00Z,2025-09-14T10:00:00Z
25977.028709,28341.115714,73657.231883,11065.578594,26439.831776,54318.144423,-2364.087005000001,99634.260592,37505.41037,-15374.253181999999,2.177098597446098,128493.25,606908.2794,3639.0,6.522498837454749,0.12771392081737387,0.0036575787031756235,0.14641288433381305,2025-09-14T10:00:00Z,2025-09-14T12:00:00Z
13259.329925,13055.793139,123006.473304,11796.133243,21471.044264,26315.123064,203.53678600000057,136265.803229,33267.177507,-9674.911021,1.3011945392491457,160980.9,752377.87202,5458.0,9.732762929744432,0.15021459227468892,0.012969953328123562,0.1716001716001725,2025-09-14T12:00:00Z,2025-09-14T14:00:00Z
58460.281038,58379.173897,58668.098221,6566.910601,7862.236577,116839.454935,81.10714100000041,117128.37925900001,14429.147178,-1295.325976,1.631251341489582,165741.18,769459.39069,5966.0,9.194952194995087,0.19255455712452463,0.0,0.19379844961241455,2025-09-14T14:00:00Z,2025-09-14T16:00:00Z
16643.997466,17432.678256,86427.643977,11272.079361,6415.806636,34076.675722,-788.6807899999985,103071.641443,17687.885997,4856.272725,1.2502694546238375,90234.33,421249.65095,3043.0,6.515529920474261,0.19359001935901343,-0.021358393848780466,0.12790449797485115,2025-09-14T16:00:00Z,2025-09-14T18:00:00Z
24647.244132,24590.705659,63437.745590000006,14835.684096,6498.854064,49237.949791,56.53847300000052,88084.989722,21334.53816,8336.830032000002,0.8326216908625234,50859.72,237115.92222,2039.0,4.847152138727728,0.12875536480687622,0.0,0.12889366272825775,2025-09-14T18:00:00Z,2025-09-14T20:00:00Z
18946.283178,19081.533017,109655.233336,10462.367368,11399.944314,38027.81619500001,-135.24983900000007,128601.516514,21862.311682,-937.576946000001,0.9448142581060682,77288.56,360440.25917,2219.0,4.610398629297063,0.19350677273702876,0.007280445731039364,0.14963659683624453,2025-09-14T20:00:00Z,2025-09-14T22:00:00Z
24766.191136,27456.831466,59873.608791,24778.694681,37701.610113999996,52223.022602,-2690.6403299999984,84639.799927,62480.304795,-12922.915432999995,1.1769741065696493,65203.14,304042.47971,2341.0,5.796277764015212,0.19288469781397755,0.011359666289245673,0.10771219302027069,2025-09-14T22:00:00Z,2025-09-15T00:00:00Z
33442.546896,32887.034378,58127.77424,34256.457475999996,8700.274974,66329.581274,555.5125180000032,91570.321136,42956.732449999996,25556.182501999996,1.5749730312837198,158497.13,734401.61057,4146.0,7.268961560971587,0.17256255392580355,0.08635578583764403,0.15102481121898048,2025-09-15T00:00:00Z,2025-09-15T02:00:00Z
18657.617678,18973.394864,22543.753412000002,3153.359694,1863.204763,37631.012542,-315.777186000003,41201.37109,5016.564457,1290.1549310000003,0.8405172413793041,83843.08,389314.7052,2673.0,5.985912619482825,0.17248814144027458,0.021588946459405456,0.12878300064391723,2025-09-15T02:00:00Z,2025-09-15T04:00:00Z
4809.209479,1199.541532,66683.734494,1474.336585,3047.941355,6008.751011,3609.667947,71492.943973,4522.27794,-1573.60477,0.8170285960008655,89731.03,418173.88482,2718.0,5.281083734799785,0.1505700150569944,0.0,0.1503113592441374,2025-09-15T04:00:00Z,2025-09-15T06:00:00Z
79620.189758,77501.436433,429301.197334,139963.122164,144900.860624,157121.626191,2118.753324999998,508921.387092,284863.982788,-4937.738459999993,2.6980728051391933,317258.35,1455008.2705,8108.0,10.562064253776837,0.15069967707210807,0.0,0.15303891560995986,2025-09-15T06:00:00Z,2025-09-15T08:00:00Z
75597.015359,75123.283898,215581.369403,14242.631143,14956.723934,150720.29925699998,473.73146100000304,291178.384762,29199.355077,-714.0927909999991,1.9078947368420998,356752.17,1608913.20647,11345.0,11.104263577740348,0.15503875968991832,0.08754594825364226,0.15466195315951836,2025-09-15T08:00:00Z,2025-09-15T10:00:00Z
34091.985617,36337.935193,182292.334752,25523.990833,1378.863952,70429.92081,-2245.949575999999,216384.320369,26902.854785,24145.126881,0.9977827050997766,118787.17,536225.27719,3669.0,6.8234979509990135,0.155141843971629,-0.04279731623897387,0.17726567693330253,2025-09-15T10:00:00Z,2025-09-15T12:00:00Z
48143.020372,47663.951769,110871.709855,15393.44112,14676.892087,95806.972141,479.0686029999997,159014.730227,30070.333207,716.5490329999993,1.017699115044234,143924.5,649203.19704,4354.0,7.933259754973143,0.2654280026542666,-0.018430950346193242,0.155073105892789,2025-09-15T12:00:00Z,2025-09-15T14:00:00Z
28826.847942,31170.027104,145719.222954,4630.0743999999995,13976.103501,59996.875046,-2343.1791620000004,174546.070896,18606.177901,-9346.029101,1.4611467788355066,132316.0,595602.20453,5189.0,9.885720244761131,0.19964507542148402,-0.003950100160809988,0.13342228152102287,2025-09-15T14:00:00Z,2025-09-15T16:00:00Z
77003.616604,66756.670044,188664.955555,32747.926231,15651.838521,143760.286648,10246.946559999997,265668.572159,48399.764752,17096.08771,0.8680169152014177,105308.26,471209.42944,3726.0,7.352886432019079,0.17881090746535433,-0.022717620510559478,0.15621513055120717,2025-09-15T16:00:00Z,2025-09-15T18:00:00Z
105872.222732,105102.13394700001,145761.576105,10328.183737,19569.425752,210974.35667900002,770.0887849999854,251633.79883699998,29897.609489,-9241.242015,1.0922871154703606,153950.52,688892.53522,3105.0,5.849185914843802,0.4027746699485468,0.43192723916897213,0.4027746699485468,2025-09-15T18:00:00Z,2025-09-15T20:00:00Z
185471.89697,187768.535113,148436.476695,11955.297681,12859.241901,373240.43208299996,-2296.638142999989,333908.37366499996,24814.539581999998,-903.9442199999994,0.7343124165553956,92916.03,419100.28487,2070.0,4.236944200314685,0.11120996441282838,0.0,0.13280212483399723,2025-09-15T20:00:00Z,2025-09-15T22:00:00Z
16226.6544,13909.20942,80464.764862,4116.931976,1046.778289,30135.86382,2317.44498,96691.419262,5163.710265,3070.153687,0.729765590446713,36611.590000000004,165199.41579,1325.0,4.167117638019557,0.15479876160992,-0.022222222222234578,0.1548330015483268,2025-09-15T22:00:00Z,2025-09-16T00:00:00Z
42436.073129000004,32703.859512,42894.425387999996,4035.282564,13928.674426,75139.932641,9732.213617000005,85330.498517,17963.95699,-9893.391862,1.4190687361419083,97979.74,438571.13399,2576.0,5.0652725480762495,0.15593673423924814,0.008167969861583302,0.08988764044944864,2025-09-16T00:00:00Z,2025-09-16T02:00:00Z
39936.449893,70003.709518,384719.749366,1615.906197,7764.650181,109940.159411,-30067.259625000006,424656.199259,9380.556378,-6148.743984,0.9887640449438111,244747.14,1087587.30808,3620.0,6.132886939631077,0.15691548980050207,0.11284134506882593,0.1579066095195092,2025-09-16T02:00:00Z,2025-09-16T04:00:00Z
22389.475951,22858.222027,65089.029237,7011.757908,9566.099769,45247.697978,-468.74607599999945,87478.50518800001,16577.857677,-2554.341861000001,1.4170040485829898,146726.27,653288.77135,3231.0,5.478715264140033,0.20224719101124,-0.022416498542909835,0.13504388926399713,2025-09-16T04:00:00Z,2025-09-16T06:00:00Z
46495.204414,45086.451642,132814.343535,113889.76365699999,8102.375831,91581.656056,1408.7527719999998,179309.547949,121992.13948799999,105787.38782599999,0.9598214285714317,92505.23,412767.95275,2947.0,5.556701186852608,0.13486176668915384,-0.017557766208575742,0.06720430107527431,2025-09-16T06:00:00Z,2025-09-16T08:00:00Z
79658.443646,83017.420166,373441.88575,6301.392754,6450.6745120000005,162675.863812,-3358.9765199999965,453100.329396,12752.067266000002,-149.28175800000008,0.9830205540661413,174688.59,783981.48359,4360.0,6.8178707077475975,0.15593673423924814,-0.005467144158277648,0.06696428571428825,2025-09-16T08:00:00Z,2025-09-16T10:00:00Z
39243.156397,41525.392581,220759.925899,2012.005276,5889.899391,80768.548978,-2282.2361840000012,260003.08229599998,7901.904667,-3877.894115,0.7361142092348757,142727.66,637649.45976,4055.0,5.866479038849293,0.20125223613596255,-0.013000345181568562,0.1119319453772083,2025-09-16T10:00:00Z,2025-09-16T12:00:00Z
35158.819806,35704.636779,346139.662679,11242.350362,19668.389001,70863.456585,-545.8169730000009,381298.482485,30910.739363,-8426.038639,1.4119229045271118,193887.45,866372.13083,5519.0,7.743755077634318,0.15709156193897122,0.02132550272493372,0.15656452695145262,2025-09-16T12:00:00Z,2025-09-16T14:00:00Z
33530.102868,32169.629365,122337.65693900001,18635.022009,3818.209561,65699.732233,1360.473503000001,155867.759807,22453.23157,14816.812448,1.877934272300481,125712.94,563496.0116,3741.0,7.966162317970582,0.19915910599690445,-0.01032363193687047,0.1345895020188448,2025-09-16T14:00:00Z,2025-09-16T16:00:00Z
53967.056544,51794.115263,187318.929869,13500.752284,4160.825558,105761.171807,2172.9412809999994,241285.986413,17661.577842,9339.926726000002,1.679186920017687,174346.83,791473.84941,4718.0,7.0762596440913095,0.13262599469496816,-0.012859140755527854,0.13280212483399723,2025-09-16T16:00:00Z,2025-09-16T18:00:00Z
11816.252258,12264.486174,46907.523836,4844.892381,5034.436283,24080.738432,-448.2339159999992,58723.776094,9879.328664,-189.54390200000034,0.8573312816003646,105382.09,478539.71574,2769.0,5.480798718995228,0.17621145374449032,0.13297654540631587,0.22021581149528346,2025-09-16T18:00:00Z,2025-09-16T20:00:00Z
26509.113578,26087.332346,52975.313847,26779.772423,29958.09111,52596.445924,421.7812320000012,79484.427425,56737.863532999996,-3178.3186870000027,0.7036059806508361,77915.20999999999,353982.14383,1959.0,4.642420869330999,0.10981770261365709,0.008445940013568354,0.11032656663724216,2025-09-16T20:00:00Z,2025-09-16T22:00:00Z
341003.224878,339364.972748,188661.928053,31625.882152,62215.661636000004,680368.197626,1638.252129999979,529665.152931,93841.54378800001,-30589.779484000006,0.6384852487890779,122836.1,559609.32401,3653.0,5.512060439528832,0.17559262510974394,-0.021968365553615143,0.1319551352540027,2025-09-16T22:00:00Z,2025-09-17T00:00:00Z
188674.646864,148070.244791,88105.932855,12097.016028,16082.905538,336744.89165500004,40604.402073000005,276780.57971900003,28179.921566,-3985.889510000001,1.05564108203211,80013.48,363191.54724,2515.0,5.532081954276635,0.1546277888226366,-0.006015145557913826,0.1105216622457994,2025-09-17T00:00:00Z,2025-09-17T02:00:00Z
27500.507083,25094.688496,31022.811965,5977.078868,11899.361887,52595.195579,2405.8185870000016,58523.319048000005,17876.440755,-5922.2830189999995,0.883782589482988,100673.81,456824.02365,2665.0,5.332319805161068,0.1546277888226366,-0.014918635355609666,0.15391380826735857,2025-09-17T02:00:00Z,2025-09-17T04:00:00Z
9707.49583,9689.277618,43701.184452,1944.932597,7620.718771,19396.773448,18.218211999999767,53408.680282,9565.651367999999,-5675.786174,0.9513274336283221,68666.34,309575.7137,2479.0,6.14825093138065,0.15569395017794863,-0.0250044835042873,0.15555555555555323,2025-09-17T04:00:00Z,2025-09-17T06:00:00Z
47927.647922,53063.675665999996,36506.494006,8220.577332,4700.153172,100991.323588,-5136.027743999999,84434.141928,12920.730504000001,3520.4241600000005,0.6189213085764913,78875.27,357785.17602,2398.0,5.004777788810566,0.1764446404940445,-0.044014084507049134,0.11039964672112657,2025-09-17T06:00:00Z,2025-09-17T08:00:00Z
14265.980961,12917.369429,97534.556607,3701.794813,7170.720784,27183.35039,1348.611531999999,111800.537568,10872.515597,-3468.925971,1.1463844797178042,172364.04,775939.17452,2892.0,4.837881678940015,0.15552099533437946,0.04448398576514245,0.132949257699988,2025-09-17T08:00:00Z,2025-09-17T10:00:00Z
19473.840694,32906.932679,129730.54460499999,2094.129069,10435.933056,52380.773372999996,-13433.091985,149204.385299,12530.062125,-8341.803987,0.6020066889632136,71595.84,320998.85491,2213.0,4.123574567146759,0.15607580824973377,-0.022281639928678487,0.1339584728734189,2025-09-17T10:00:00Z,2025-09-17T12:00:00Z
26310.246683,27172.80097,117052.546334,31357.449314,16263.846578,53483.047653,-862.554286999999,143362.793017,47621.295892,15093.602736,0.6010685663401633,66063.27,296560.26775,2317.0,4.944430043939807,0.13345195729538295,0.032570177325108585,0.11155734047300081,2025-09-17T12:00:00Z,2025-09-17T14:00:00Z
17645.721010999998,17448.44011,44922.49484,2014.743443,2859.542654,35094.161121,197.28090099999827,62568.215851,4874.286097,-844.7992109999998,0.5802276277616757,55102.42,246734.61533,2462.0,5.670947121296432,0.1339285714285765,-0.01986469628367793,0.15645954403219475,2025-09-17T14:00:00Z,2025-09-17T16:00:00Z
17055.813952,15476.613857999999,116223.851575,10542.820081,5807.030067,32532.42781,1579.2000940000016,133279.665527,16349.850148,4735.790014,1.676727028839709,130677.91,586828.02676,4181.0,7.40316285035596,0.15625000000001332,0.2432464744903884,0.13437849944009095,2025-09-17T16:00:00Z,2025-09-17T18:00:00Z
43398.445304,44573.061956,139813.056084,25316.171277,19238.360559,87971.50726,-1174.616651999997,183211.501388,44554.531836,6077.810718000001,2.08100246140076,373062.52999999997,1679657.49083,12834.0,12.582200659586395,0.22232103156958338,0.09378986421999524,0.2007136485281058,2025-09-17T18:00:00Z,2025-09-17T20:00:00Z
31457.946746,29668.63158,149784.276764,21966.409805,19654.09306,61126.578326,1789.3151660000003,181242.22351,41620.502865,2312.316745,1.6026344676179916,127322.88,580018.63651,4116.0,7.815797702080585,0.17493986442160825,0.02890627068009577,0.132275132275117,2025-09-17T20:00:00Z,2025-09-17T22:00:00Z
71661.094466,96394.176422,122519.73774699999,17365.220621,10222.636035,168055.270888,-24733.08195600001,194180.832213,27587.856656,7142.584586000001,1.3545990823683696,206853.73,952763.90933,7794.0,7.440233728079826,0.1523063533507285,0.1253964930894691,0.1523063533507285,2025-09-17T22:00:00Z,2025-09-18T00:00:00Z
46313.186986,25146.984245,42516.08052,5890.101995,1969.1263410000001,71460.171231,21166.202741,88829.267506,7859.228336,3920.975654,0.8885999133073336,60503.12,279001.2884,3722.0,6.225842607584919,0.1299545159194282,0.023012963685564714,0.13006720138738492,2025-09-18T00:00:00Z,2025-09-18T02:00:00Z
29588.873587000002,30678.55961,70350.950296,7087.941359,3478.702886,60267.433197000006,-1089.6860229999984,99939.823883,10566.644245,3609.2384730000003,1.2806598654221872,120911.18000000001,558066.01964,3451.0,5.433693943240847,0.19599303135887647,0.1980318864609476,0.19599303135887647,2025-09-18T02:00:00Z,2025-09-18T04:00:00Z
12499.490823,12883.624394999999,50641.978278,2115.772476,4575.618088,25383.115218,-384.1335719999988,63141.469101,6691.390564,-2459.845612,1.0367170626349902,76191.0,351501.86642,2477.0,4.595887730520065,0.195694716242667,0.07769488426481175,0.1298420255355981,2025-09-18T04:00:00Z,2025-09-18T06:00:00Z
35869.247176,33923.564627,53456.746741,5514.539404,12000.331421,69792.81180299999,1945.6825489999974,89325.993917,17514.870825,-6485.792017000001,1.0008703220191528,117209.37,536102.17414,4087.0,6.975265845807788,0.19663535066638538,0.17471616225586128,0.1534414730381517,2025-09-18T06:00:00Z,2025-09-18T08:00:00Z
41820.194322,42599.491616,73558.248791,10368.965268,32128.542129999998,84419.68593800001,-779.2972939999963,115378.44311300002,42497.507398,-21759.576861999998,0.850785340314149,95965.09999999999,442181.87595,3208.0,5.754534469719452,0.10874293170943794,0.021762785636547655,0.10874293170943794,2025-09-18T08:00:00Z,2025-09-18T10:00:00Z
23630.556902,22586.880716,54146.162643,5708.135231,8125.217592999999,46217.437617999996,1043.6761860000006,77776.719545,13833.352824,-2417.082361999999,0.6942937730527236,73068.03,335497.99367,2572.0,5.488694403787919,0.10895619960777925,0.02171552660152898,0.1526051885764046,2025-09-18T10:00:00Z,2025-09-18T12:00:00Z
18049.487284,25387.987675,357289.0219,6804.054873,6939.496709,43437.474959,-7338.500391000001,375338.50918399997,13743.551582,-135.44183599999997,1.0004349717268242,121531.55,559906.28004,3624.0,6.42679295092794,0.17331022530329143,0.03239780116196522,0.1519097222222099,2025-09-18T12:00:00Z,2025-09-18T14:00:00Z
72045.992372,63968.620481,79294.864029,7023.120145,3443.034529,136014.612853,8077.371890999995,151340.856401,10466.154674,3580.085616,0.7147498375568629,109231.53,505035.44202,3233.0,5.42999917328757,0.15125324114086958,0.015674605710125356,0.10785159620362306,2025-09-18T14:00:00Z,2025-09-18T16:00:00Z
17179.35325,24132.699255,148758.776348,7872.418667,9670.552051,41312.052505,-6953.346004999999,165938.12959800003,17542.970718,-1798.1333840000007,1.1471861471861458,161156.95,748969.19496,4205.0,5.753770831979121,0.15089458935116928,0.02160760587727184,0.12953367875646604,2025-09-18T16:00:00Z,2025-09-18T18:00:00Z
17511.618563,16500.366064,42741.78423,15478.832142000001,8507.769882999999,34011.984627,1011.2524989999984,60253.402793,23986.602025,6971.062259000002,1.136120042872472,126373.7,590708.94267,3678.0,5.396134222525784,0.12861736334405238,0.0397787786631687,0.10711225364181676,2025-09-18T18:00:00Z,2025-09-18T20:00:00Z
66803.810516,52296.648105,128428.000245,16692.048471000002,10291.014902,119100.458621,14507.162410999998,195231.810761,26983.063373000005,6401.033569000001,0.770877944325473,170859.61,801437.26668,3905.0,6.063570280412889,0.12801365478984916,0.012534592500412778,0.12806830309497474,2025-09-18T20:00:00Z,2025-09-18T22:00:00Z
129572.493821,131581.338426,114053.414687,3108.746348,6470.889319000001,261153.832247,-2008.8446050000057,243625.908508,9579.635667,-3362.1429710000007,1.2574595055413504,115678.77,541033.83574,2915.0,6.437648188976852,0.1502468340845553,0.04370156377440093,0.10736525660296481,2025-09-18T22:00:00Z,2025-09-19T00:00:00Z
34113.87231,35069.248457,71822.832486,21796.385938,3547.296662,69183.120767,-955.3761470000027,105936.704796,25343.6826,18249.089276,1.69092465753426,173073.99,817451.56926,4568.0,7.0978287273343765,0.17094017094017033,0.0381373324678802,0.14890448840672033,2025-09-19T00:00:00Z,2025-09-19T02:00:00Z
19756.970055,24395.447346,235107.221456,3611.140109,17366.963611,44152.417401,-4638.477290999999,254864.191511,20978.10372,-13755.823502,2.20572640509014,145664.56,678048.32609,3849.0,6.895291413981974,0.15115525804363372,0.06925715144174838,0.15115525804363372,2025-09-19T02:00:00Z,2025-09-19T04:00:00Z
33196.530082,28346.519874,38939.680458,8023.87834,8456.620859999999,61543.049956,4850.010207999996,72136.21054,16480.4992,-432.7425199999989,1.4044943820224804,103871.14,480667.68305,3404.0,7.599997483372212,0.17286084701815252,0.008912501643654203,0.15102481121898048,2025-09-19T04:00:00Z,2025-09-19T06:00:00Z
36552.198764,35347.035033,45160.379333,40533.657485,22577.576954,71899.233797,1205.1637310000006,81712.57809699999,63111.23443900001,17956.080531000003,0.9472551130247493,107572.48,498312.21264,3524.0,7.744100890558481,0.17252533965925743,0.021565667457390525,0.17233950883239757,2025-09-19T06:00:00Z,2025-09-19T08:00:00Z
28595.945327,31706.635229,55968.092483,10068.965478,11817.843934,60302.580556,-3110.6899019999983,84564.03781000001,21886.809412000002,-1748.8784560000004,1.7248814144027613,160134.62,744842.95012,4664.0,7.462144320169228,0.1711596063329046,0.018847510873487572,0.12922679302175277,2025-09-19T08:00:00Z,2025-09-19T10:00:00Z
40812.046333,39981.862305,68542.503247,3778.269667,12444.250639,80793.908638,830.184027999996,109354.54957999999,16222.520306,-8665.980972,1.5361315447858204,191869.98,886447.16839,4562.0,6.993583054805885,0.19425857975394756,-0.004016300885845148,0.15247222827271534,2025-09-19T10:00:00Z,2025-09-19T12:00:00Z
33060.656394,26069.606087,95204.793003,19172.923641999998,4749.28377,59130.262481,6991.050306999998,128265.44939699999,23922.207411999996,14423.639871999998,0.9799651567944236,148992.31,683578.36933,4216.0,7.45196396973784,0.19633507853401566,0.10481651281764037,0.15270506108201465,2025-09-19T12:00:00Z,2025-09-19T14:00:00Z
17939.821956,19254.702507,94399.581278,4193.450651,11576.509512,37194.524463,-1314.880551000002,112339.403234,15769.960163,-7383.058861,1.6554127641036729,158781.58,722952.62781,5085.0,9.10330019798935,0.17632797002424816,-0.0199939706343244,0.130804447351196,2025-09-19T14:00:00Z,2025-09-19T16:00:00Z
24010.838154999998,33720.142704,121638.09028799999,7936.019883,6259.286113,57730.980858999996,-9709.304549,145648.92844299998,14195.305996,1676.7337699999998,1.2975588299978045,111228.9,503049.90041,3144.0,6.796604656275562,0.17609509134932644,0.0,0.13291980505095724,2025-09-19T16:00:00Z,2025-09-19T18:00:00Z
19134.870053,19242.444458,86458.050987,7064.357782,9189.706344,38377.314511000004,-107.57440500000303,105592.92103999999,16254.064126000001,-2125.348562,0.933955970647094,117662.54,529466.94709,2953.0,6.221782551738575,0.1776198934280493,-0.022296544035671495,0.13342228152102287,2025-09-19T18:00:00Z,2025-09-19T20:00:00Z
20844.133979000002,18013.333298,65651.253392,10137.345301,13832.753524,38857.467277,2830.8006810000006,86495.387371,23970.098825,-3695.4082230000004,0.7120605251446379,74814.33,336326.62498,2203.0,4.536782984201815,0.20000000000001128,-0.02356626666648598,0.13351134846461,2025-09-19T20:00:00Z,2025-09-19T22:00:00Z
19877.947773,19788.135728999998,73475.892675,1462.069894,8062.707539,39666.083501999994,89.81204400000206,93353.840448,9524.777433,-6600.637645,1.243891603731676,83238.63,372242.36321,2508.0,3.996193850550278,0.15673981191224318,-0.022416498542909835,0.13428827215756778,2025-09-19T22:00:00Z,2025-09-20T00:00:00Z
39207.855829,39213.260419,124819.341373,2635.6969520000002,14856.618308,78421.116248,-5.404589999998279,164027.197202,17492.31526,-12220.921355999999,0.737265415549606,72573.47,325248.07627,2538.0,4.708545788022955,0.1782928459995503,-0.0216546322246991,0.20111731843573954,2025-09-20T00:00:00Z,2025-09-20T02:00:00Z
19329.088459,19617.55704,127684.060221,2832.706631,6978.046647,38946.645499,-288.468581000001,147013.14868,9810.753278,-4145.340016,1.1614920705829905,143201.09,636746.56948,3061.0,5.162746888961234,0.2026114362899678,0.002727526596957297,0.1571268237934853,2025-09-20T02:00:00Z,2025-09-20T04:00:00Z
25136.826612,25592.323214,98701.128729,8354.014625,7417.91399,50729.149826,-455.49660199999926,123837.95534100001,15771.928615,936.1006349999998,0.7390817469205008,81187.16,363173.9584,1792.0,3.9143425079019467,0.1786511835640936,-0.004643919519264905,0.1567047235280894,2025-09-20T04:00:00Z,2025-09-20T06:00:00Z
17329.411855000002,19342.75474,38507.842238,2981.700009,2387.374865,36672.166595,-2013.3428849999982,55837.254092999996,5369.074874,594.3251439999999,0.6688963210702397,56062.64,251354.33108,1466.0,4.103873531986801,0.17797552836484876,-0.022321428571414614,0.1557285873192371,2025-09-20T06:00:00Z,2025-09-20T08:00:00Z
16502.688725,16808.822594,77980.618773,19104.193934,24343.783406000002,33311.511319,-306.13386900000114,94483.307498,43447.97734,-5239.589472000003,1.1568409343715347,62992.78,281108.22888999997,1757.0,4.320090152104594,0.2002224694104604,0.0,0.1345895020188448,2025-09-20T08:00:00Z,2025-09-20T10:00:00Z
13626.397405,13411.85299,73676.408277,86200.780076,4853.3390229999995,27038.250395,214.5444150000003,87302.80568199999,91054.11909899999,81347.441053,0.5617977528089768,64635.8,287524.3867,1736.0,4.404295119668378,0.15730337078653234,-0.044007683343849635,0.13495276653170407,2025-09-20T10:00:00Z,2025-09-20T12:00:00Z
12263.309772,10028.70775,110793.182203,2962.0309859999998,8805.945347,22292.017522000002,2234.602022000001,123056.49197500001,11767.976333,-5843.914361000001,0.4262000897263375,85347.93,379850.01693,2013.0,4.357796873950437,0.17965416573096915,-0.03985911102677431,0.13468013468014295,2025-09-20T12:00:00Z,2025-09-20T14:00:00Z
64039.87216,76885.74523,196168.514006,11920.790085999999,7888.841102,140925.61739,-12845.873070000001,260208.386166,19809.631188,4031.9489839999987,1.7776777677767717,152935.04,682187.50077,3672.0,5.933450778099059,0.15597147950090484,-0.02237637055269026,0.1576576576576727,2025-09-20T14:00:00Z,2025-09-20T16:00:00Z
140369.363288,141272.100644,57874.145267,4683.632096,7808.395654,281641.463932,-902.7373559999978,198243.508555,12492.027750000001,-3124.7635579999996,0.7142857142857149,71007.26,317259.81333,2022.0,4.811420810885547,0.156880322725228,-0.02237637055269026,0.15695067264572815,2025-09-20T16:00:00Z,2025-09-20T18:00:00Z
10334.064103,11150.505052,87875.475143,8821.615738999999,8777.835663,21484.569155,-816.4409489999998,98209.539246,17599.451402,43.7800759999991,0.5383580080753706,54884.04,243898.18248,1893.0,4.926770331088082,0.15748031496064518,-0.008326966421945414,0.13507429085998224,2025-09-20T18:00:00Z,2025-09-20T20:00:00Z
15506.717102,16367.038933,46699.834188,17464.290554,12900.927010000001,31873.756035,-860.3218309999993,62206.55129,30365.217564,4563.363543999998,1.1494252873563053,71392.03,318872.16627,1949.0,4.145146240818365,0.13489208633093996,-0.02047642664400051,0.1573387278039906,2025-09-20T20:00:00Z,2025-09-20T22:00:00Z
30148.047956,29990.206813,75279.30075,1145.468545,1899.287536,60138.254769,157.84114299999783,105427.34870599999,3044.756081,-753.8189910000001,0.6268188941123902,24814.82,110495.68279,965.0,3.479188077474027,0.11241007194245922,-0.01982029537561658,0.1123090745732247,2025-09-20T22:00:00Z,2025-09-21T00:00:00Z
12407.563156,12329.285986,39214.267024,1904.321418,2385.806067,24736.849142,78.27716999999939,51621.830180000004,4290.127485,-481.484649,0.651392632524726,100002.16,445449.30942,1978.0,4.128348400424864,0.13468013468014295,0.0004818955864682728,0.1123090745732247,2025-09-21T00:00:00Z,2025-09-21T02:00:00Z
71748.022571,72447.663952,64238.047898,7052.474977,12065.873878,144195.686523,-699.6413810000086,135986.070469,19118.348855,-5013.3989010000005,2.943158840709958,337154.97000000003,1502463.015,5669.0,5.308510875525241,2.401256732495516,2.514325894151248,2.685164466323564,2025-09-21T02:00:00Z,2025-09-21T04:00:00Z
26708.655814,6118.001354,24358.796336,9088.211829,3472.63598,32826.657168000005,20590.65446,51067.45215,12560.847808999999,5615.575849,0.7819481680071525,100170.16,448428.59444,2199.0,4.556442615650402,0.15614543832254135,0.05744852545057633,0.15652951699464124,2025-09-21T04:00:00Z,2025-09-21T06:00:00Z
10448.182059,10829.255466,25790.69138,5940.0988879999995,3198.977461,21277.437525,-381.07340699999986,36238.873439,9139.076348999999,2741.1214269999996,0.6224988883948526,111452.9,501568.86165,2462.0,4.445191871405063,0.1554174067495473,0.008133100673468618,0.13342228152102287,2025-09-21T06:00:00Z,2025-09-21T08:00:00Z
42329.439357999996,42042.955,80442.625747,9631.179488,12642.976545,84372.39435799999,286.48435799999424,122772.06510499999,22274.156033,-3011.7970569999998,1.8448544120915604,184893.36,824771.28455,3784.0,5.619434315171956,0.1777777777777767,0.005086794803443873,0.11286681715575453,2025-09-21T08:00:00Z,2025-09-21T10:00:00Z
21822.161998,27349.91177,170457.546299,5541.474473,20316.740452000002,49172.073768,-5527.749771999999,192279.708297,25858.214925,-14775.265979000002,0.962830273175104,118790.73,528221.11107,2688.0,5.30701384458987,0.22471910112359383,-0.0447727781508922,0.1799775028121453,2025-09-21T10:00:00Z,2025-09-21T12:00:00Z
8627.128867,8887.162657,60059.818432,10094.116146,2420.425719,17514.291524,-260.0337900000013,68686.94729899999,12514.541865,7673.690427,0.6759801712483157,70912.36,315704.45359,1850.0,4.312274542742789,0.20129724893760415,-0.022482014388480742,0.20165807752633436,2025-09-21T12:00:00Z,2025-09-21T14:00:00Z
25032.877123,25188.277512,142484.287501,3857.265552,2894.524261,50221.154635,-155.40038900000218,167517.16462400003,6751.789812999999,962.7412909999998,0.6293549112159942,91092.78,404767.14422,2215.0,5.489812918915327,0.17977528089887507,-0.022547914317927464,0.13507429085998224,2025-09-21T14:00:00Z,2025-09-21T16:00:00Z
17061.234144,17639.59841,196080.7281,10499.286022,17380.637536000002,34700.83255399999,-578.3642660000005,213141.962244,27879.923558000002,-6881.351514000002,1.0374379792512463,146317.45,646547.95179,3720.0,6.923495201749352,0.15851449275363638,-0.0204738982308994,0.1575512041413374,2025-09-21T16:00:00Z,2025-09-21T18:00:00Z
6795.96351,9088.78844,71620.919739,5206.367069,3147.509938,15884.75195,-2292.8249300000007,78416.883249,8353.877007,2058.8571309999998,0.6983554854697135,60651.979999999996,269203.49837,1939.0,4.598787951320871,0.20279405137447748,0.05191914051070334,0.15815634884772667,2025-09-21T18:00:00Z,2025-09-21T20:00:00Z
22710.20246,21565.110899,98359.20754,9101.566621,10656.217538,44275.313359,1145.091561000001,121069.41,19757.784159000003,-1554.6509170000008,0.8322087269455674,67104.45,297430.98064,1708.0,4.4020531922202455,0.18018018018017834,-0.01650770196803819,0.1576576576576727,2025-09-21T20:00:00Z,2025-09-21T22:00:00Z
180661.749618,180586.380958,139641.854428,17801.118519,5603.729167,361248.13057599997,75.36866000000737,320303.604046,23404.847686,12197.389351999998,0.7687090210264482,63432.03,279829.32612,1881.0,5.528871818108283,0.1813236627379866,-0.01214271976477388,0.20320614134117232,2025-09-21T22:00:00Z,2025-09-22T00:00:00Z
87434.072012,86848.545569,248696.270251,22316.347395,13841.728135,174282.617581,585.5264430000097,336130.342263,36158.07553,8474.619260000001,2.409090909090906,405667.92,1765405.34515,12993.0,12.44092528297287,0.29465095194922686,0.044587749346669536,0.22988505747125743,2025-09-22T00:00:00Z,2025-09-22T02:00:00Z
52481.578599,56023.86964,331623.754972,25331.010012,18169.076446,108505.44823899999,-3542.2910409999968,384105.333571,43500.086458,7161.933566,2.165399677493672,344776.24,1482496.8726599999,11870.0,9.912938230882373,0.20871985157699946,0.0022463297350561184,0.23180343069076903,2025-09-22T02:00:00Z,2025-09-22T04:00:00Z
17816.622514000002,17546.145534,132169.933096,2749.377861,4894.680525,35362.768048,270.4769800000031,149986.55560999998,7644.058386,-2145.302664,1.9248608534322655,188199.69,809153.0383199999,6574.0,6.9948725445051485,0.18544274455262189,-0.01193944761803678,0.2548065786425746,2025-09-22T04:00:00Z,2025-09-22T06:00:00Z
80235.909761,82081.65326199999,516619.42791699996,20324.029324,46184.701381,162317.563023,-1845.74350099999,596855.337678,66508.730705,-25860.672057,5.157795572303351,1185961.88,4909660.41822,34970.0,19.435191514309324,0.2474634991338931,0.09633339744851144,1.6829268292682942,2025-09-22T06:00:00Z,2025-09-22T08:00:00Z
324858.868944,325198.072367,499719.82321700006,67213.274641,8130.997761,650056.9413109999,-339.203422999999,824578.6921610001,75344.272402,59082.27688,1.2503005530175426,305095.7,1267547.62645,8527.0,8.637075992297639,0.19253910950661757,0.02410800385727052,0.21660649819494893,2025-09-22T08:00:00Z,2025-09-22T10:00:00Z
50040.13345,49032.809747,321582.247364,14516.888801000001,4119.167564,99072.943197,1007.3237030000018,371622.38081400003,18636.056365,10397.721237000002,1.3071895424836666,196416.47,817241.76088,4771.0,6.418373021361412,0.26518804243008676,0.08675141402922915,0.16912297656440645,2025-09-22T10:00:00Z,2025-09-22T12:00:00Z
13791.013823,14806.194318,171426.216707,19211.255662,10985.885420999999,28597.208141,-1015.1804950000005,185217.23053,30197.141083,8225.370241,1.0576923076923193,173925.88,724741.29775,5193.0,8.517610013822186,0.21567217828900587,-0.012043116858651004,0.19212295869356355,2025-09-22T12:00:00Z,2025-09-22T14:00:00Z
23240.042397,45250.875436,292876.634944,19413.745361,13212.106585,68490.917833,-22010.833039,316116.677341,32625.851946000002,6201.638776000002,1.7916865742952741,224146.99,929383.06625,5627.0,8.433781741841395,0.23906287353573363,0.0,0.19147917663954184,2025-09-22T14:00:00Z,2025-09-22T16:00:00Z
45542.871599,47227.2315,162188.750627,12176.391962,8571.222047,92770.103099,-1684.3599010000034,207731.622226,20747.614008999997,3605.1699150000004,0.9699321047526682,175939.68,724891.25978,5534.0,9.221211131185925,0.2661504960077443,0.10843638462845195,0.19398642095053154,2025-09-22T16:00:00Z,2025-09-22T18:00:00Z
53380.635277999994,53632.208199,301824.428801,6835.677832,12916.221597,107012.84347699999,-251.57292100000632,355205.064079,19751.899429,-6080.543764999999,1.1396702230843772,191138.93,784298.21319,4979.0,7.181002975139017,0.24277737314881698,0.02442002442001323,0.17102369899828496,2025-09-22T18:00:00Z,2025-09-22T20:00:00Z
40656.421871,15630.143129,46582.290195,37141.751759,23491.773218,56286.565,25026.278742,87238.71206600001,60633.524976999994,13649.978541,1.932012717045726,100605.97,415876.91748,2724.0,5.7197725579549274,0.2403268445085316,0.02408477842004153,0.16940948693126012,2025-09-22T20:00:00Z,2025-09-22T22:00:00Z
5517.483999,5269.160546,95119.400384,4170.872501,5570.573047,10786.644545,248.32345299999997,100636.884383,9741.445548,-1399.700546,0.45662100456621313,49055.84,203629.54986,1432.0,4.3599545818167496,0.19272464466393302,-0.038238446396610115,0.16855285335900527,2025-09-22T22:00:00Z,2025-09-23T00:00:00Z
24767.983539,27276.176473,56326.519391,665.631558,5566.0578000000005,52044.160012,-2508.192933999999,81094.50293,6231.6893580000005,-4900.4262420000005,1.177601538091814,107795.93000000001,447372.50704,2633.0,5.59017654574383,0.2414875633904856,0.005997717175376671,0.19314340898116678,2025-09-23T00:00:00Z,2025-09-23T02:00:00Z
25975.665493,27059.705866,164532.249845,10077.311891,7767.613131,53035.371359,-1084.0403729999998,190507.91533800002,17844.925022,2309.6987599999993,2.0116335433834265,185718.27,768106.14065,4520.0,7.350935836730232,0.2420135527589462,-0.011579552322338316,0.2190847127555906,2025-09-23T02:00:00Z,2025-09-23T04:00:00Z
20111.807435,23443.190307,72786.92417,1039.900884,9724.552316,43554.997742,-3331.382872000002,92898.731605,10764.4532,-8684.651431999999,0.9121459433509421,96679.73,401749.05770999996,2145.0,6.04002527741756,0.21686746987952255,-0.011432736185201797,0.21686746987952255,2025-09-23T04:00:00Z,2025-09-23T06:00:00Z
16958.715876,14697.475154,46878.269549000004,22770.868115,13457.907618000001,31656.191029999998,2261.2407219999986,63836.985425000006,36228.775733,9312.960497,1.493256262042396,103199.35,432391.01099,3102.0,6.348921216829351,0.21443888491781138,-0.030360850249655513,0.19020446980504424,2025-09-23T06:00:00Z,2025-09-23T08:00:00Z
59350.713892,61582.688098,171070.23078399998,8770.409322,23910.266914,120933.40199,-2231.974205999999,230420.94467599998,32680.676236,-15139.857592,1.122790253225029,75476.01,316602.90375,2501.0,6.244025649000329,0.16718414139003102,-0.006804702112761518,0.1905215527506554,2025-09-23T08:00:00Z,2025-09-23T10:00:00Z
29570.900518,30458.443268,178128.916464,5438.74981,4897.339944,60029.343786,-887.5427500000005,207699.81698200002,10336.089754,541.409866,0.5505026328386926,82882.28,347185.02376,3237.0,5.0380254184348106,0.26221692491060766,-0.021550271426118428,0.1908396946564861,2025-09-23T10:00:00Z,2025-09-23T12:00:00Z
194109.03553000002,193009.997931,531275.427099,9862.403444,10771.739288,387119.033461,1099.037599000032,725384.462629,20634.142732,-909.3358440000011,0.9310097875388063,131205.82,550531.16944,4526.0,7.105377306856719,0.31011450381679406,0.015703556540347385,0.19129603060736855,2025-09-23T12:00:00Z,2025-09-23T14:00:00Z
47132.697928,49353.743536,504935.755402,9266.893834,13570.206076,96486.441464,-2221.0456080000004,552068.4533299999,22837.09991,-4303.312242,1.2203876525484603,117893.69,492929.63861,4179.0,8.106546137007985,0.2151565861821525,0.00021023634345640474,0.1681883709754861,2025-09-23T14:00:00Z,2025-09-23T16:00:00Z
49038.947509,36066.971088,117267.15290100001,8051.114134,8857.206723,85105.918597,12971.976421,166306.10041,16908.320857,-806.092588999999,1.600191067590164,102588.42,429710.62102,3355.0,8.291743734080924,0.23957834211788542,-0.024330787915083363,0.14371257485030764,2025-09-23T16:00:00Z,2025-09-23T18:00:00Z
72903.035091,85153.131844,243829.378299,7277.924539000001,6887.831586,158056.166935,-12250.096753000005,316732.41339,14165.756125,390.0929530000003,0.9130225852955371,103116.93000000001,429365.72913,3434.0,7.178318355447977,0.23900573613766518,-0.03297443618495155,0.1204819277108582,2025-09-23T18:00:00Z,2025-09-23T20:00:00Z
10843.71477,9553.9416,189468.729029,12119.006073,13480.165555,20397.65637,1289.7731700000004,200312.443799,25599.171628,-1361.1594819999991,1.0838150289017323,81361.99,337810.48328,2930.0,6.887207315413768,0.19230769230769162,0.0,0.16883743367099857,2025-09-23T20:00:00Z,2025-09-23T22:00:00Z
70910.517192,71484.554017,201630.794034,5450.389584,7818.4736920000005,142395.07120900002,-574.0368250000029,272541.31122599996,13268.863276,-2368.084108000001,1.3189448441246934,76458.81999999999,316975.82237,2894.0,5.449357049442005,0.24125452352231624,-0.005215416222248415,0.1210653753026647,2025-09-23T22:00:00Z,2025-09-24T00:00:00Z
27097.090446,26324.9471,162062.262325,17688.588147,3920.442447,53422.037546,772.1433459999971,189159.35277099998,21609.030594,13768.1457,1.5019379844961307,57629.840000000004,239472.9916,2157.0,5.342638362789476,0.16851227732305185,0.0011296390997617145,0.1452432824981864,2025-09-24T00:00:00Z,2025-09-24T02:00:00Z
211852.496587,206711.847305,138440.215923,4168.305442,10180.611521,418564.34389200003,5140.6492819999985,350292.71251,14348.916963,-6012.306079000001,1.8416646735230795,103765.54,429862.90176000004,3750.0,7.352419783672093,0.21775949673361605,-0.02792017048760531,0.1211827435773083,2025-09-24T02:00:00Z,2025-09-24T04:00:00Z
38657.298905,44139.313449,212070.27355,21971.551813000002,5717.5892730000005,82796.61235400001,-5482.014543999998,250727.57245500002,27689.141086000003,16253.96254,2.9890643985419034,199030.72,822837.94956,5390.0,8.757263944414406,0.1685934489402796,-0.0020803872595731576,0.12233912405187342,2025-09-24T04:00:00Z,2025-09-24T06:00:00Z
21883.269476,19208.944273,15764.0334,8346.768817,5542.389085,41092.213749,2674.3252030000003,37647.302876,13889.157901999999,2804.3797320000003,0.9782868050584462,180825.53,757634.76758,3839.0,6.872938941939588,0.1675843907110286,0.007711988619230059,0.1435750179468842,2025-09-24T06:00:00Z,2025-09-24T08:00:00Z
68305.441779,59226.242278,110484.949882,9630.3048,5976.7373210000005,127531.684057,9079.199501000003,178790.391661,15607.042121,3653.5674789999994,0.66746126340881,77749.77,326770.05456,2761.0,5.330201429491921,0.09535160905841389,-0.028045612646310225,0.11899095668729265,2025-09-24T08:00:00Z,2025-09-24T10:00:00Z
22499.559842,23068.815859000002,200394.970409,5163.2697370000005,6723.125223,45568.375701,-569.2560170000033,222894.530251,11886.394960000001,-1559.8554859999995,0.6168446026097224,100047.33,421501.58376999997,2577.0,5.080624755681895,0.11856770215793455,-0.04691892296078137,0.09487666034156961,2025-09-24T10:00:00Z,2025-09-24T12:00:00Z
33227.892592000004,26520.020387,381158.63654599997,6406.89675,6671.868221,59747.912979,6707.872205000003,414386.529138,13078.764971,-264.97147099999984,1.0663507109004722,124772.02,524680.64815,2864.0,5.197852862289909,0.2610346464167135,0.09546539379475805,0.16694490818028873,2025-09-24T12:00:00Z,2025-09-24T14:00:00Z
72526.425888,74862.108333,435495.587762,8833.95751,17178.115863,147388.53422099998,-2335.6824449999986,508022.01365,26012.073373,-8344.158352999999,1.385570950788338,187082.63,784419.62848,5323.0,7.575100795525014,0.2379819133745742,0.0719597025665486,0.1667063586568207,2025-09-24T14:00:00Z,2025-09-24T16:00:00Z
75580.407675,74874.311284,121522.993622,43960.012814,15465.180198,150454.718959,706.0963909999991,197103.401297,59425.193012,28494.832616,0.7187350263536235,69149.56,289161.50474,2783.0,6.096866454860805,0.19143335726250488,-0.0071091177998194865,0.19161676646706205,2025-09-24T16:00:00Z,2025-09-24T18:00:00Z
7588.1673040000005,8871.106910999999,45113.986905,2877.541802,2881.1036560000002,16459.274214999998,-1282.9396069999984,52702.154209,5758.645458000001,-3.5618540000000394,0.6684172833611741,78165.46,326113.12505000003,2101.0,5.459535732795384,0.19147917663954184,-0.02399808015358662,0.09599232061433538,2025-09-24T18:00:00Z,2025-09-24T20:00:00Z
13917.640120999999,14409.381082,83763.415736,11217.943643999999,15610.493893,28327.021202999997,-491.74096100000133,97681.055857,26828.437536999998,-4392.550249000002,0.8862275449101777,56632.34,236117.49711,1642.0,4.746838217091565,0.19129603060736855,-0.04793863854268832,0.09636232233195541,2025-09-24T20:00:00Z,2025-09-24T22:00:00Z
3949.959661,2892.171883,77815.835622,2319.000098,1891.256361,6842.131544,1057.787778,81765.795283,4210.256459,427.743737,0.6260534553334892,42088.64,174926.87266,1638.0,5.86765707540593,0.16786570743404505,-0.04810004810005264,0.0962927298988836,2025-09-24T22:00:00Z,2025-09-25T00:00:00Z
30171.491886,39521.830652000004,334208.227086,1587.875714,7443.274184,69693.32253800001,-9350.338766000004,364379.718972,9031.149898,-5855.39847,1.2280279316157034,134455.86,555763.91949,4079.0,7.155084119090072,0.29006526468454696,0.021041993076842402,0.1212415130940836,2025-09-25T00:00:00Z,2025-09-25T02:00:00Z
4157.714413,3779.326119,118137.607892,20083.177411,15419.905993,7937.040531999999,378.38829399999986,122295.322305,35503.083404000005,4663.271418,1.7216294859359782,169676.15,699684.87225,4148.0,7.446267055423372,0.19305019305019266,0.03973233380346608,0.1708984374999889,2025-09-25T02:00:00Z,2025-09-25T04:00:00Z
30612.485613,40042.384923,116562.85064799999,87748.820976,40732.647284,70654.870536,-9429.899309999997,147175.336261,128481.46826,47016.173692000004,1.9907744598203412,182534.27,746429.02986,5406.0,10.432328718306927,0.21839359378792444,-0.007925445595358127,0.12236906510033618,2025-09-25T04:00:00Z,2025-09-25T06:00:00Z
41761.864037,42949.132062,92697.43196,1995.183733,10714.465524,84710.996099,-1187.2680249999976,134459.295997,12709.649257,-8719.281791,1.0710808179162512,80287.71,327822.0038,3209.0,8.42106411537442,0.2203721841331885,-0.010950807681142649,0.19583843329253892,2025-09-25T06:00:00Z,2025-09-25T08:00:00Z
55824.413588,49357.13132,123301.38949,4510.399068,35058.229611,105181.54490800001,6467.282268000003,179125.803078,39568.628679,-30547.830543000004,1.0805500982318172,189402.88,770605.63428,4272.0,7.755984300026797,0.22129333661176087,0.0984736582964163,0.1967535661583919,2025-09-25T08:00:00Z,2025-09-25T10:00:00Z
42451.034168,48508.85765,251300.086604,7245.236811,8821.810359,90959.891818,-6057.823482,293751.120772,16067.047169999998,-1576.5735479999994,1.233045622688035,95937.35,389218.87651,2932.0,6.893729308329899,0.22058823529412797,-0.020187052027864638,0.12330456226880004,2025-09-25T10:00:00Z,2025-09-25T12:00:00Z
148127.40322,143672.702082,337575.01329000003,30244.673655000002,18166.62895,291800.105302,4454.701138000004,485702.41651,48411.302605000004,12078.044705000004,2.9636947394418396,415129.81,1686555.42863,11204.0,13.523183176297993,0.2956393200295726,0.12315270935960854,0.42257022122792476,2025-09-25T12:00:00Z,2025-09-25T14:00:00Z
76477.062867,75670.59067800001,241224.570939,10015.614039,11633.228148,152147.653545,806.4721889999928,317701.633806,21648.842187000002,-1617.614109,1.546391752577313,142084.24,580984.40345,4057.0,7.9015602027993515,0.22010271460015662,0.0,0.1716106888943303,2025-09-25T14:00:00Z,2025-09-25T16:00:00Z
95354.73353700001,95206.395277,399792.324263,14622.393284,30803.86205,190561.128814,148.33826000000408,495147.0578,45426.255334,-16181.468766,3.2488309131183994,518710.09,2073902.9198099999,13244.0,14.11767998476523,0.24777006937561907,0.05028916268543515,0.30000000000000027,2025-09-25T16:00:00Z,2025-09-25T18:00:00Z
39394.602485,40627.053234,1348894.291537,27158.133632,15885.155144999999,80021.655719,-1232.450748999996,1388288.894022,43043.288777,11272.978487000002,3.430877901109993,248549.28,999667.062,7604.0,11.385737048880351,0.19767729182109672,0.0,0.19797079930710115,2025-09-25T18:00:00Z,2025-09-25T20:00:00Z
15684.649523,18010.057886,2144592.590834,15485.940852,20476.38433,33694.707408999995,-2325.4083629999986,2160277.2403570004,35962.325182,-4990.443478000001,1.1625030917635346,129437.1,521244.64188,4641.0,8.813115682432926,0.32178217821782207,-0.02477700693757079,0.1987083954297031,2025-09-25T20:00:00Z,2025-09-25T22:00:00Z
16286.254665,16373.216542,76626.291298,4969.877567,7262.665716,32659.471207000002,-86.96187699999973,92912.545963,12232.543283,-2292.788149,1.8811881188118829,97206.43,390114.80905,2844.0,9.12145893068228,0.2711363076164708,-0.010004955414188998,0.1978728666831575,2025-09-25T22:00:00Z,2025-09-26T00:00:00Z
25518.007041,25467.923888999998,49496.936882,13346.91189,3519.41009,50985.93093,50.08315200000288,75014.943923,16866.32198,9827.5018,1.4453027660104616,94329.26,381019.12847,3192.0,10.051443101722924,0.39418576003942274,-0.024734108335389138,0.22310361923647548,2025-09-26T00:00:00Z,2025-09-26T02:00:00Z
4077.697466,2381.328128,170463.12049200002,3143.7852700000003,3785.656633,6459.025594000001,1696.369338,174540.81795800003,6929.441903000001,-641.8713629999997,0.7907091672844089,51709.37,208914.43758,1983.0,7.001117483668096,0.2469745616201724,-0.048443545472687255,0.19753086419752597,2025-09-26T02:00:00Z,2025-09-26T04:00:00Z
22003.684362,18681.827108,71582.819702,2155.7245740000003,3983.210592,40685.51147,3321.8572539999986,93586.504064,6138.935166,-1827.4860179999996,0.9886307464162143,59170.229999999996,238908.8084,1883.0,5.075489783205467,0.1735250371839303,0.017955449035145232,0.1481481481481528,2025-09-26T04:00:00Z,2025-09-26T06:00:00Z
24651.416214,24445.057753,122186.636712,10462.504106,15842.582964,49096.473967,206.3584609999998,146838.052926,26305.08707,-5380.078857999999,1.0696517412935251,94424.29,379449.10839,3693.0,7.788369827881181,0.2485089463220569,0.014742607546891495,0.19910403185664505,2025-09-26T06:00:00Z,2025-09-26T08:00:00Z
48742.37454,48624.495986,150815.117376,3327.960166,11719.617398,97366.870526,117.87855399999535,199557.491916,15047.577564,-8391.657232000001,1.0445162894802242,128385.40000000001,517248.03163,3153.0,6.728450542809017,0.24789291026275917,0.0,0.19846192011907515,2025-09-26T08:00:00Z,2025-09-26T10:00:00Z
40150.092183,42060.064852,198507.245431,8332.937991,52814.301138999996,82210.15703500001,-1909.9726690000025,238657.337614,61147.239129999994,-44481.363148,1.095072175211549,107356.71,428655.06431,3153.0,7.962019519258212,0.22556390977443996,0.010337350490974284,0.22590361445783413,2025-09-26T10:00:00Z,2025-09-26T12:00:00Z
41054.343597,40296.253990000005,290739.375623,54942.31217,13802.523301,81350.597587,758.0896069999944,331793.71922,68744.835471,41139.788868999996,2.423182613040219,207922.83,836257.25848,7126.0,10.571081323146458,0.3727634194830909,0.10380938941740858,0.22399203583871596,2025-09-26T12:00:00Z,2025-09-26T14:00:00Z
74931.884426,96875.042685,109252.061778,135675.931843,131318.29272,171806.927111,-21943.15825899999,184183.946204,266994.224563,4357.639123000001,1.2095778820044307,147041.09,593662.81294,4452.0,9.339690177806158,0.32194155522535794,0.10194748444750656,0.17369727047147343,2025-09-26T14:00:00Z,2025-09-26T16:00:00Z
58885.971313,58250.81675,117110.112704,28993.922018,6367.080527,117136.788063,635.1545630000037,175996.084017,35361.002545,22626.841491,2.5141730342617774,242782.09,999279.62528,5385.0,8.343725237362975,0.19426906265177513,-0.027180564791207118,0.14742014742015197,2025-09-26T16:00:00Z,2025-09-26T18:00:00Z
223359.068531,224754.53695399998,266016.910753,9324.131088,4201.0408210000005,448113.60548499995,-1395.4684229999839,489375.979284,13525.171909,5123.090267,1.32530120481927,174082.2,724396.5207400001,4561.0,7.428857603462946,0.16826923076924682,-0.00532290265100599,0.16912297656440645,2025-09-26T18:00:00Z,2025-09-26T20:00:00Z
160124.359658,138589.777753,457060.609075,9677.191492,15099.156673,298714.137411,21534.581905,617184.968733,24776.348165,-5421.965181,0.9647853352629049,74982.5,309440.03888,2248.0,6.27696563801905,0.26537997587452455,0.011634546142991198,0.21828765462043043,2025-09-26T20:00:00Z,2025-09-26T22:00:00Z
15082.142301,13030.857034,54323.881572,2531.047336,4817.769367,28112.999335,2051.2852669999993,69406.023873,7348.816703,-2286.722031,0.6794467362290819,82172.09,338464.37623,1666.0,4.200185576976478,0.14563106796117165,0.017727934767231,0.19356399709653527,2025-09-26T22:00:00Z,2025-09-27T00:00:00Z
12493.031962,12753.897630000001,93812.053754,1319.161803,5783.570032,25246.929592,-260.8656680000022,106305.08571599999,7102.731835,-4464.408229,0.7531584062196449,51308.94,210704.43801,1690.0,4.16595301057936,0.19436345966957758,0.0,0.14637716516223698,2025-09-27T00:00:00Z,2025-09-27T02:00:00Z
33975.508788,28703.095866,20902.531917,1291.113175,5031.121714,62678.604653999995,5272.4129219999995,54878.040705,6322.234888999999,-3740.008539,0.4881620698071655,44333.82,181544.26371,1326.0,4.225023209557377,0.17077335935595794,-0.024431956999770854,0.146484375,2025-09-27T02:00:00Z,2025-09-27T04:00:00Z
3164.814482,1996.012047,46458.791784,1252.289499,1529.03925,5160.826529,1168.8024350000003,49623.606266,2781.3287490000002,-276.74975100000006,0.7093933463796674,43653.82,178822.57117,1236.0,3.6870692027170415,0.1953125,-0.0243546030199715,0.1465201465201349,2025-09-27T04:00:00Z,2025-09-27T06:00:00Z
45383.456953,44060.654598,106507.72771600001,3290.5357,1009.84394,89444.11155100001,1322.8023549999998,151891.184669,4300.37964,2280.6917599999997,0.5842259006815975,75857.43,311866.86767,1797.0,4.767420933688227,0.2675097276264582,0.01214034235764716,0.14570179698883967,2025-09-27T06:00:00Z,2025-09-27T08:00:00Z
32259.405981,32118.159088,139292.796234,1981.1512,29608.611514,64377.565069000004,141.24689299999955,171552.202215,31589.762714,-27627.460314,1.1927945472249362,106991.9,436481.23163,2935.0,5.582720410420516,0.2195121951219403,0.0,0.12278978388997608,2025-09-27T08:00:00Z,2025-09-27T10:00:00Z
51142.713845,52184.88138,163370.020856,1624.858856,1828.096771,103327.595225,-1042.1675350000005,214512.73470099998,3452.9556270000003,-203.23791499999993,0.6115459882583256,67474.53,276041.38711,2022.0,4.4733697738346345,0.17094017094015923,-0.024408103490336508,0.14680694886223256,2025-09-27T10:00:00Z,2025-09-27T12:00:00Z
132881.529935,132430.771444,263054.514855,26714.547685,8743.261986,265312.301379,450.75849099998595,395936.04479,35457.809671,17971.285699,0.7085267529929127,63900.32,261366.6715,2192.0,4.868226250712526,0.19540791402051783,-0.011010764035912501,0.14627011214042307,2025-09-27T12:00:00Z,2025-09-27T14:00:00Z
34907.277837,27165.189231,198319.806046,30902.97945,9824.935667,62072.467068,7742.088606000001,233227.083883,40727.915117,21078.043783,0.7585025691216194,79419.38,324719.97543,2323.0,4.57507131910635,0.17156862745096868,-0.03058987338682151,0.14680694886223256,2025-09-27T14:00:00Z,2025-09-27T16:00:00Z
62395.113416,74180.015756,265473.179332,7029.571687,4260.413887,136575.129172,-11784.902339999993,327868.292748,11289.985573999998,2769.1578,1.0980966325036585,139018.71,566996.94571,3242.0,5.369201048623085,0.2936138977244762,0.171484566389013,0.2692119432207596,2025-09-27T16:00:00Z,2025-09-27T18:00:00Z
42797.690339,42741.33071,84151.511087,3779.846614,3869.43638,85539.021049,56.35962899999868,126949.20142600001,7649.282994,-89.58976600000005,0.5153374233128812,85551.01,348184.36984,2167.0,4.520528060344131,0.17177914110431125,-0.06372993102039537,0.0983767830791793,2025-09-27T18:00:00Z,2025-09-27T20:00:00Z
78637.137822,77396.948401,155579.779577,21335.296564,197020.913687,156034.08622300002,1240.1894210000028,234216.91739900003,218356.21025099998,-175685.617123,1.3245033112582847,134234.98,550241.98454,2782.0,5.465203372581584,0.14669926650366927,-0.05549882231516978,0.12251899044354309,2025-09-27T20:00:00Z,2025-09-27T22:00:00Z
29352.631801,29563.487385,91007.92284099999,13757.392038,5635.308957,58916.119185999996,-210.85558400000082,120360.55464199999,19392.700995,8122.083081,1.2599951538647833,136443.22,564341.0099300001,2602.0,4.37915903650421,0.21650228530191162,0.0,0.12080212611741414,2025-09-27T22:00:00Z,2025-09-28T00:00:00Z
23330.950044,22997.93054,73469.285258,5260.78616,10540.425825,46328.880584,333.01950399999987,96800.235302,15801.211985,-5279.639665000001,1.4348249027237179,70246.13,287589.96546,1816.0,5.640707888433938,0.24242424242423288,0.009238244950593444,0.16973811833170815,2025-09-28T00:00:00Z,2025-09-28T02:00:00Z
7184.798803,7123.82476,87264.09916,4342.7861920000005,29253.896629,14308.623563000001,60.974042999999256,94448.897963,33596.682821,-24911.110437,0.7118311242022561,38773.65,157854.03521,1114.0,3.9294518029999725,0.14713094654242864,-0.0416298139819693,0.09825595676736798,2025-09-28T02:00:00Z,2025-09-28T04:00:00Z
6276.722832,6173.3306649999995,82628.685444,3495.576866,3787.362954,12450.053497,103.39216700000088,88905.408276,7282.93982,-291.7860880000003,0.5652494470385768,50967.81,207123.10442,1183.0,4.034989893407803,0.1719901719901884,-0.024673081667914154,0.12300123001232066,2025-09-28T04:00:00Z,2025-09-28T06:00:00Z
21574.530216,18388.284485,130710.25706,8179.668309,3810.112465,39962.814700999996,3186.245730999999,152284.78727600002,11989.780773999999,4369.5558439999995,0.7392804337111939,152167.25,615777.02502,2799.0,4.8956573338338805,0.19753086419752597,-0.02430951480825172,0.17301038062285112,2025-09-28T06:00:00Z,2025-09-28T08:00:00Z
54595.150322,53823.199813,221767.093108,7181.793162,8984.625899,108418.350135,771.9505090000021,276362.24343000003,16166.419061,-1802.8327370000006,0.6432459178624395,74712.52,301673.5255,2425.0,5.348165756806611,0.1980198019801982,-0.02475860361477178,0.14866204162535812,2025-09-28T08:00:00Z,2025-09-28T10:00:00Z
39871.878917,39920.060733,125461.710849,5331.476705,3735.027605,79791.93965,-48.181815999996616,165333.589766,9066.50431,1596.4490999999998,0.7433102081268645,88721.84,358355.0565,2181.0,5.148498056225459,0.24721878862793423,-0.024709661477650968,0.14866204162535812,2025-09-28T10:00:00Z,2025-09-28T12:00:00Z
75906.375696,63238.711168999995,167445.795073,12578.768165,15180.382878999999,139145.086865,12667.664527000008,243352.170769,27759.151044,-2601.6147139999994,1.9278299555116236,170028.17,690564.3510499999,4687.0,7.049190752676093,0.1733531451213577,-0.04911591355598599,0.12397718819738834,2025-09-28T12:00:00Z,2025-09-28T14:00:00Z
50789.789555999996,56681.286496,845059.295207,7520.155783,11537.753501000001,107471.07605199999,-5891.4969400000045,895849.084763,19057.909284,-4017.597718000001,0.6590187942396908,85436.93,349989.79781,2390.0,4.931691630182478,0.14641288433382416,-0.04711648258628465,0.09763241396144595,2025-09-28T14:00:00Z,2025-09-28T16:00:00Z
202356.891661,217260.489851,87529.919842,8163.655806,4240.350514,419617.381512,-14903.59818999999,289886.811503,12404.00632,3923.305292,1.172447484123108,83442.79,341938.78862,2256.0,5.8087398721389905,0.14698677119059367,-0.024437927663734094,0.1217730150998464,2025-09-28T16:00:00Z,2025-09-28T18:00:00Z
15569.772345,16373.681572,184575.06106500002,7729.03342,4847.115575,31943.453917,-803.9092270000001,200144.83341000002,12576.148995,2881.917845,0.6819288845591716,48569.25,199605.23462,1363.0,4.014113203184078,0.14602092966659042,-0.043477400347669004,0.09739469198929429,2025-09-28T18:00:00Z,2025-09-28T20:00:00Z
12565.119161,12475.431204,120690.215089,12828.862443,11149.311714,25040.550365000003,89.6879570000001,133255.33425,23978.174157,1679.5507290000005,0.8511673151750792,74720.03,308583.55212,1778.0,4.602462773534333,0.0966417008939513,0.048344210780748575,0.14489253803429136,2025-09-28T20:00:00Z,2025-09-28T22:00:00Z
59127.305819,56267.072653,260611.710177,13351.943259,2147.8812239999997,115394.37847200001,2860.233165999998,319739.01599600003,15499.824483,11204.062034999999,1.3798111837327616,152461.28,636017.8054,3461.0,6.544559190259669,0.16738402678145858,0.0,0.16774502755810827,2025-09-28T22:00:00Z,2025-09-29T00:00:00Z
31092.961014999997,32540.174080999997,76923.625845,4525.827386,4228.282776,63633.135096,-1447.2130660000003,108016.58686,8754.110162,297.5446099999999,0.9801577814965424,94203.78,392725.05707,1534.0,4.609077653953775,0.16750418760470565,-0.024050024050015217,0.1681883709754861,2025-09-29T00:00:00Z,2025-09-29T02:00:00Z
34690.8806,33778.876551,108174.38591,92115.109644,94323.373741,68469.757151,912.0040489999956,142865.26651,186438.483385,-2208.2640970000066,0.6271104679208829,59644.34,247430.37092000002,1380.0,4.241869900747863,0.14430014430014682,0.02413709872072234,0.09647853352627855,2025-09-29T02:00:00Z,2025-09-29T04:00:00Z
13057.748497,13374.245534,38371.697921,2136.425456,11483.000876,26431.994031000002,-316.4970369999992,51429.446418,13619.426332,-9346.575420000001,0.9397590361445924,43271.78,178608.14905,1450.0,3.973007022591979,0.09715812484818453,-0.019693164889322823,0.12141816415736084,2025-09-29T04:00:00Z,2025-09-29T06:00:00Z
24087.323626,19883.423780999998,71351.876085,4581.792494,4644.966384,43970.747407,4203.899845000004,95439.199711,9226.758878,-63.17389000000003,0.7990314769975659,60537.58,249387.40781,1831.0,5.240271543898767,0.09732360097324255,-0.024271844660206376,0.16965584100825382,2025-09-29T06:00:00Z,2025-09-29T08:00:00Z
21809.518713,23808.485191,266721.656776,13013.643237,16213.167335,45618.003904,-1998.9664779999985,288531.175489,29226.810572000002,-3199.524098,0.994180407371493,87024.99,360369.44915,2207.0,4.8322788455321675,0.1202501202501427,0.0,0.14436958614050255,2025-09-29T08:00:00Z,2025-09-29T10:00:00Z
67549.97712,66322.412081,198930.247851,43551.923021,27153.982733,133872.38920099998,1227.5650389999937,266480.224971,70705.905754,16397.940288,1.3784764207980746,130783.2,537249.04576,2482.0,5.10343414731973,0.12186205215695134,0.05758350115787625,0.1703992210321248,2025-09-29T10:00:00Z,2025-09-29T12:00:00Z
46777.259005,46560.556898,387209.36513,24711.898584,35087.249587,93337.81590300001,216.70210699999734,433986.624135,59799.14817099999,-10375.351003,2.3391812865497097,330651.9,1339334.39262,6923.0,9.096950585380647,0.24709661477637646,-0.024431956999770854,0.14892032762472418,2025-09-29T12:00:00Z,2025-09-29T14:00:00Z
58258.30216,58256.786296,249273.460371,38924.520697,8606.889688,116515.088456,1.5158640000008745,307531.762531,47531.410384999996,30317.631009,1.5958752762091917,211274.12,867204.22281,4597.0,8.850909088908754,0.19488428745432218,0.0,0.2187651920272149,2025-09-29T14:00:00Z,2025-09-29T16:00:00Z
55458.525345,59433.259502,159398.917291,105103.636021,10260.653647,114891.784847,-3974.734156999999,214857.442636,115364.289668,94842.982374,1.588077204984107,200475.85,818220.05863,3970.0,7.231876435016904,0.147492625368717,0.0,0.14760147601476925,2025-09-29T16:00:00Z,2025-09-29T18:00:00Z
60054.912381,59474.346156,106639.621075,34825.469431,83943.540469,119529.258537,580.5662250000023,166694.533456,118769.0099,-49118.071038,1.1744555908979704,130963.95,536418.05081,2677.0,6.033859016289034,0.22042615723733006,0.02392607557459847,0.1704822211397894,2025-09-29T18:00:00Z,2025-09-29T20:00:00Z
49222.569795,50069.934486,124854.846036,32299.893692999998,16426.906598999998,99292.504281,-847.3646909999952,174077.41583100002,48726.800292,15872.987094,1.3129102844639013,108819.16,451274.84208,2641.0,4.9201963690441275,0.16867469879519037,0.009646922631678656,0.14416146083614523,2025-09-29T20:00:00Z,2025-09-29T22:00:00Z
30172.950746000002,32420.270162,79713.918243,3325.708087,6639.9509180000005,62593.220908,-2247.3194159999985,109886.868989,9965.659005000001,-3314.2428310000005,0.7965242577842017,52903.37,218144.40162,1598.0,3.974404398703779,0.21797045289414507,0.033276059275244574,0.1452432824981864,2025-09-29T22:00:00Z,2025-09-30T00:00:00Z
7201.411134,7518.970233000001,81670.735639,14844.727959,16850.629694,14720.381367000002,-317.55909900000097,88872.146773,31695.357653,-2005.9017349999995,1.6776075857038861,152088.18,620565.40174,3459.0,7.5237212409565934,0.26848913839394584,0.05643739850671459,0.17232890201872575,2025-09-30T00:00:00Z,2025-09-30T02:00:00Z
56104.468398000005,55441.777886,94137.40522100001,2608.554091,2544.663647,111546.24628400001,662.690512000001,150241.87361900002,5153.217737999999,63.890444000000116,0.6646971935007419,84168.38,342438.8663,2145.0,6.16857687744603,0.26954177897574594,-0.016817524301293574,0.19656019656019152,2025-09-30T02:00:00Z,2025-09-30T04:00:00Z
38100.2653,29769.753222,73108.566784,7240.229600000001,13533.249296,67870.018522,8330.512078,111208.832084,20773.478896,-6293.019695999999,0.6635536986974719,98951.31,402928.76678,2247.0,5.3254814725632205,0.24539877300613355,0.04926108374383453,0.171484566389013,2025-09-30T04:00:00Z,2025-09-30T06:00:00Z
44692.032228,50854.228707,122750.430276,11486.662199,6052.1189460000005,95546.260935,-6162.196479000006,167442.462504,17538.781145,5434.543253,0.8586849852796896,113382.84,460767.6522,2315.0,4.575611247187594,0.1716527709661686,-0.016642493266916247,0.12312238364934336,2025-09-30T06:00:00Z,2025-09-30T08:00:00Z
26568.975135,25381.244964,189881.970972,25215.098221,98438.24895600001,51950.220099,1187.7301709999992,216450.946107,123653.34717700002,-73223.150735,1.0105989647522673,124647.02,503114.59553,2721.0,4.827851498786573,0.19777503090234738,-0.03489503519062964,0.12379301807378118,2025-09-30T08:00:00Z,2025-09-30T10:00:00Z
53425.704262,52211.145875,153300.361987,22062.15078,82121.630463,105636.850137,1214.5583869999973,206726.06624900002,104183.78124299999,-60059.479683,1.3184079601990035,113826.02,459918.68496,2515.0,4.751707527445581,0.1988565746955051,0.058434576254950965,0.1988565746955051,2025-09-30T10:00:00Z,2025-09-30T12:00:00Z
42021.34027,38649.048064,80723.850357,13417.940048999999,6460.361989,80670.388334,3372.2922059999983,122745.190627,19878.302037999998,6957.578059999999,0.8853910477127297,77813.53,315013.60803,2556.0,6.251065749046236,0.17309594460929167,-0.026759019577915488,0.14866204162535812,2025-09-30T12:00:00Z,2025-09-30T14:00:00Z
38988.052186,43328.800443,116712.00163299999,8266.286902,10936.196327,82316.852629,-4340.748256999999,155700.053819,19202.483228999998,-2669.909425,1.6831683168316736,147171.51,589784.13398,4286.0,7.874255796105567,0.2255073916311634,-0.017178744534263046,0.17395626242543427,2025-09-30T14:00:00Z,2025-09-30T16:00:00Z
22597.187168,21791.052795,94612.178245,5893.94562,2531.663387,44388.239963,806.1343730000008,117209.365413,8425.609007000001,3362.2822330000004,0.8470353761833644,69683.54,279868.17919,2073.0,5.855524316683014,0.22354694485841042,-0.024919013207092,0.14970059880240472,2025-09-30T16:00:00Z,2025-09-30T18:00:00Z
31194.978219,33048.491692,68410.03455,14637.558427,10499.149827000001,64243.46991100001,-1853.5134730000027,99605.012769,25136.708254,4138.408599999999,1.7696909272183383,91367.74,369482.33361,2203.0,5.623642263148221,0.19920318725099584,-0.024813895781616857,0.14880952380953438,2025-09-30T18:00:00Z,2025-09-30T20:00:00Z
64365.986823,54911.455316,692547.954942,46544.44657,14819.251169,119277.44213899999,9454.531507,756913.941765,61363.697738999996,31725.195401,0.8588957055214758,164684.31,672695.91158,2587.0,5.606015364896844,0.2682272616435055,0.0,0.14727540500737435,2025-09-30T20:00:00Z,2025-09-30T22:00:00Z
98547.891084,96758.387606,187641.966438,35161.797846,43152.517869999996,195306.27869,1789.5034779999987,286189.857522,78314.315716,-7990.720023999995,0.61229488121478,101586.7,416124.04454,2466.0,5.714936691713368,0.21994134897359574,-0.007362332606164479,0.12201073694484421,2025-09-30T22:00:00Z,2025-10-01T00:00:00Z
35153.307114,34286.32144,22781.873795,8937.709568,3474.051105,69439.628554,866.9856740000032,57935.180909,12411.760673,5463.658463,1.1460619361131361,91628.07,376348.7645,2188.0,6.165053466469583,0.2443195699975531,-0.013365776468710067,0.12156576708001188,2025-10-01T00:00:00Z,2025-10-01T02:00:00Z
9791.959793,10702.485969,18411.377341,5064.305085999999,4023.840924,20494.445762,-910.5261759999994,28203.337134,9088.14601,1040.4641619999993,1.2842258299006526,137306.98,564806.57385,2201.0,4.962415340985515,0.14677103718200302,0.04866180048663793,0.14598540145985828,2025-10-01T02:00:00Z,2025-10-01T04:00:00Z
16818.032164,16340.30786,43794.338392,14348.750361999999,58244.953915,33158.340024000005,477.7243039999994,60612.370555999994,72593.704277,-43896.203553,1.249693702523895,61186.83,251502.06905,2061.0,6.420041447744862,0.19422189851905358,0.0,0.14559572919194963,2025-10-01T04:00:00Z,2025-10-01T06:00:00Z
30378.804424,29964.285472,123682.993887,20898.432025,245665.59834,60343.089896000005,414.5189520000022,154061.798311,266564.030365,-224767.166315,0.7292173067574198,64336.31,264068.21847,1873.0,4.358735682132364,0.16990291262135582,-0.02099780991411393,0.12144765606023622,2025-10-01T06:00:00Z,2025-10-01T08:00:00Z
183128.30258699998,179027.528243,209983.540602,139724.016987,196180.278837,362155.83083,4100.774343999976,393111.843189,335904.29582400003,-56456.26184999998,3.950256035113385,702125.84,2959096.49445,18679.0,10.920118723487082,0.16482222745466402,0.1421464108031345,0.17044071098126778,2025-10-01T08:00:00Z,2025-10-01T10:00:00Z
88563.572269,82723.294766,58285.699412,311374.81108,129732.27402799999,171286.867035,5840.27750299999,146849.271681,441107.08510799997,181642.53705200003,0.9442870632672341,150788.84,635651.6411,4024.0,5.151069582531487,0.14245014245012344,0.013523123475456256,0.11870845204178249,2025-10-01T10:00:00Z,2025-10-01T12:00:00Z
132715.459567,120402.59478,990496.059596,73334.831684,128294.359085,253118.05434700003,12312.864787000013,1123211.519163,201629.190769,-54959.527401,0.7366920152091393,163360.05,685803.99,3862.0,5.6923086121106525,0.19038553069966602,0.05202206418372102,0.1667063586568207,2025-10-01T12:00:00Z,2025-10-01T14:00:00Z
362379.531997,378196.972025,582150.427209,364442.260787,1410327.497206,740576.504022,-15817.440028000041,944529.959206,1774769.7579929999,-1045885.236419,0.977121067683517,395345.26,1660805.07765,8026.0,6.2872468284302485,0.14319809069213152,0.07163323782235498,0.190885230255311,2025-10-01T14:00:00Z,2025-10-01T16:00:00Z
401613.722374,406280.515459,308010.726149,419467.461007,1636428.60853,807894.237833,-4666.793085000012,709624.448523,2055896.069537,-1216961.1475230001,1.4779499404052507,541662.06,2258251.88868,10295.0,6.2555880607030545,0.16790597265530227,0.07981035463694441,0.16714422158546904,2025-10-01T16:00:00Z,2025-10-01T18:00:00Z
600338.517418,584304.1801209999,2214704.109858,621090.264916,2486406.266318,1184642.6975389998,16034.337297000107,2815042.627276,3107496.531234,-1865316.001402,1.8115942028985552,693682.79,2899903.97383,12222.0,7.941140827113169,0.14282313734823582,0.09564801530369538,0.1681883709754861,2025-10-01T18:00:00Z,2025-10-01T20:00:00Z
766194.806662,761166.608182,1021482.371175,1136109.270585,1995198.865821,1527361.414844,5028.198480000021,1787677.177837,3131308.136406,-859089.5952359999,2.4542829643888218,1049752.66,4311217.97215,16641.0,10.921996623771978,0.19579050416055344,0.09789525208028227,0.22021042329335438,2025-10-01T20:00:00Z,2025-10-01T22:00:00Z
211853.372398,212078.615438,367897.284636,222327.383629,56256.550687,423931.98783600004,-225.2430400000012,579750.657034,278583.93431599997,166070.83294199998,1.0238907849829306,379367.77,1560848.47761,5232.0,6.512173642639252,0.12162490878131482,0.04159295321468637,0.17019207391200109,2025-10-01T22:00:00Z,2025-10-02T00:00:00Z
132000.230912,126003.964726,325266.445878,140227.784413,24229.346192999998,258004.195638,5996.2661859999935,457266.67679,164457.130606,115998.43821999998,1.812907904278467,303686.17,1260840.05257,4390.0,6.746544184570236,0.19314340898116678,0.03672658406891349,0.12056908608631955,2025-10-02T00:00:00Z,2025-10-02T02:00:00Z
38829.123728,37718.110361,172935.363446,76541.93135700001,7611.862428,76547.234089,1111.0133669999996,211764.487174,84153.79378500002,68930.068929,1.047619047619059,146648.69,616536.17934,2878.0,5.925721162756092,0.26078710289236806,0.013703878202298014,0.14312977099236734,2025-10-02T02:00:00Z,2025-10-02T04:00:00Z
83899.652545,90390.445372,86585.085344,188734.557856,305437.694973,174290.097917,-6490.7928269999975,170484.737889,494172.252829,-116703.13711699998,1.333015948583672,264464.69,1114604.61714,4099.0,7.166985347167265,0.18952854773750527,0.023872045834338884,0.1894836570345837,2025-10-02T04:00:00Z,2025-10-02T06:00:00Z
66263.552066,67178.965424,33576.508694,23768.105319,41564.760129,133442.51749,-915.4133579999907,99840.06076,65332.865448,-17796.654810000004,0.8074091664687677,203151.9,858087.25029,3258.0,6.322816041010992,0.21347248576850664,0.00866544053075291,0.1424163304058923,2025-10-02T06:00:00Z,2025-10-02T08:00:00Z
75468.05143,72851.818187,92232.268259,108867.037497,26941.492632999998,148319.869617,2616.2332430000097,167700.31968900003,135808.53013,81925.544864,0.6639791320844314,119622.19,505577.24653,2159.0,4.660203964887177,0.1421464108031345,0.00211776920209239,0.14154281670205604,2025-10-02T08:00:00Z,2025-10-02T10:00:00Z
84388.001754,83421.186799,151542.887966,24798.263344,15238.851795,167809.18855299999,966.8149549999944,235930.88972,40037.115139,9559.411548999999,1.275389702409076,194455.9,826282.16972,3274.0,6.311764566807643,0.1887237556027377,0.0,0.18814675446848783,2025-10-02T10:00:00Z,2025-10-02T12:00:00Z
90947.601736,87816.679869,109239.159138,107646.590538,21266.123793,178764.281605,3130.9218669999973,200186.760874,128912.714331,86380.46674500001,1.1745360582569844,312076.02,1330593.89049,4861.0,7.863340233075844,0.21106941838650028,0.060964699401788724,0.21047708138446364,2025-10-02T12:00:00Z,2025-10-02T14:00:00Z
119822.356082,123071.75591200001,168137.587035,93140.536106,35656.359694,242894.111994,-3249.3998300000094,287959.943117,128796.8958,57484.176412,2.481273408239697,293333.62,1235013.58825,6199.0,9.91648784070971,0.23849272597185056,0.07146260123869208,0.16746411483252732,2025-10-02T14:00:00Z,2025-10-02T16:00:00Z
126357.469021,119607.658713,345750.258087,67185.042583,38728.286192,245965.12773399998,6749.810308,472107.72710799996,105913.328775,28456.756391000003,1.2053887969747141,400455.42,1704082.85428,6764.0,7.834318511022298,0.21186440677967155,0.07911936252896767,0.21191429244170612,2025-10-02T16:00:00Z,2025-10-02T18:00:00Z
219767.644807,215657.526025,99560.115666,203462.533306,14656.86788,435425.170832,4110.118782000005,319327.760473,218119.401186,188805.665426,0.983146067415726,495670.11,2126653.66946,8296.0,7.590357423696892,0.23331777881474558,0.16301816488122345,0.21003500583430812,2025-10-02T18:00:00Z,2025-10-02T20:00:00Z
44346.174812000005,24569.948634,187449.031345,19390.968117,27686.860561999998,68916.12344600001,19776.226178000004,231795.206157,47077.828679,-8295.892444999998,0.9541540609727804,160701.78,691230.32102,3293.0,5.535262829244103,0.18626309662398421,0.0,0.16245068461361312,2025-10-02T20:00:00Z,2025-10-02T22:00:00Z
335827.185127,349834.70800499996,120681.586178,7721.175405,3402.347129,685661.893132,-14007.522877999989,456508.77130499994,11123.522534,4318.828276,0.7894125841653077,122397.38,526765.80568,2810.0,5.670547717882735,0.20886516593178195,0.0,0.16241299303944023,2025-10-02T22:00:00Z,2025-10-03T00:00:00Z
42874.739835,48427.822711,55033.068062,19943.615322,25104.830141000002,91302.562546,-5553.082876,97907.80789699999,45048.445463000004,-5161.214819000001,2.109411219286029,132850.15,566992.14792,3451.0,6.795544657902952,0.235183443085607,0.02342468962287514,0.21087160262416305,2025-10-03T00:00:00Z,2025-10-03T02:00:00Z
28904.453542,26333.954059,67769.720625,16440.494197,11792.77846,55238.407601,2570.4994829999996,96674.174167,28233.272657,4647.715737,1.203966005665705,149671.17,636007.4496,3697.0,6.235857016100765,0.235183443085607,0.023573785950026238,0.18744142455482393,2025-10-03T02:00:00Z,2025-10-03T04:00:00Z
20241.967449,19596.588777,98998.918888,55365.666653,83736.53240299999,39838.556226,645.3786719999989,119240.886337,139102.19905599998,-28370.86574999999,0.9456264775413719,85849.39,364036.00532,2323.0,5.210996568626736,0.1886347559537871,-0.02357378595003734,0.14181044670291687,2025-10-03T04:00:00Z,2025-10-03T06:00:00Z
58756.24265,59890.273929,52417.933817000005,10140.697527,9660.897377,118646.516579,-1134.0312790000025,111174.17646700001,19801.594903999998,479.80015000000094,0.9912674061836161,126615.53,536797.23872,3358.0,5.944804172472362,0.21246458923511735,-0.014507181019185467,0.1652112343639267,2025-10-03T06:00:00Z,2025-10-03T08:00:00Z
43288.755242,45674.784547,82795.906311,14413.067732,6940.425424,88963.539789,-2386.0293050000037,126084.661553,21353.493156,7472.6423079999995,0.8724357462862514,194756.46,824397.6254,5258.0,5.3824404892710564,0.2353494939985823,0.0,0.18854584020739917,2025-10-03T08:00:00Z,2025-10-03T10:00:00Z
56049.126175,56107.277823,147451.461065,7652.959035,3694.076359,112156.403998,-58.15164799999911,203500.58724000002,11347.035394,3958.8826759999997,0.6595995288574695,86785.44,367767.4132,2758.0,4.365172579544296,0.16513328615238576,-0.023557126030637754,0.16470588235293349,2025-10-03T10:00:00Z,2025-10-03T12:00:00Z
71596.631269,76600.841237,83936.699719,32308.421717,15465.779654,148197.47250600002,-5004.209967999996,155533.330988,47774.201371,16842.642063,0.9933774834437044,232617.88,984855.49881,5501.0,7.063208586216518,0.1657589391427794,0.028617340049075235,0.16587677725117267,2025-10-03T12:00:00Z,2025-10-03T14:00:00Z
156133.305695,149022.101695,131894.018145,29735.398295,14700.213762,305155.40738999995,7111.203999999998,288027.32383999997,44435.612057,15035.184533,2.716107699574854,426618.14,1810390.64741,7046.0,9.17099107323278,0.23640661938535423,0.18921475875118832,0.23640661938535423,2025-10-03T14:00:00Z,2025-10-03T16:00:00Z
59074.387024,58834.377239,101632.663888,41588.899435,33225.487492,117908.764263,240.009785000002,160707.050912,74814.386927,8363.411943,2.7635856943799295,474844.51,2042538.37829,12281.0,14.195874035338818,0.21092102179518513,0.3177449462724691,0.187090739008422,2025-10-03T16:00:00Z,2025-10-03T18:00:00Z
61314.47283,61221.10725,70662.223212,31768.053071000002,14578.451707,122535.58008,93.36557999999786,131976.696042,46346.504778,17189.601364000002,1.9253345855834665,127876.46,549457.93496,4046.0,6.911646741570365,0.2080924855491384,0.0,0.16362786348760316,2025-10-03T18:00:00Z,2025-10-03T20:00:00Z
27703.510453,34206.677742,107400.877164,13999.439549,23901.385599,61910.188194999995,-6503.167289000001,135104.387617,37900.825148,-9901.94605,0.7190906982138849,89314.8,385030.74338,2630.0,4.547153999897668,0.23105360443624878,0.009695571495693667,0.11614401858304202,2025-10-03T20:00:00Z,2025-10-03T22:00:00Z
60292.095312,46574.311538,712590.777441,24254.803445999998,19083.037916,106866.40685,13717.783773999996,772882.872753,43337.841362,5171.765529999997,0.8366256100394978,92488.39,397298.33444,1827.0,3.979912768521676,0.16309412861136297,0.008227144729422431,0.1392434439545176,2025-10-03T22:00:00Z,2025-10-04T00:00:00Z
38388.37209,37129.191424,110192.04127,26094.198715,26107.176071,75517.563514,1259.1806660000002,148580.41336,52201.374786,-12.977356000003056,1.4018691588785164,100670.53,429085.96717,2514.0,5.534128569123942,0.18761726078799779,0.017547437251352882,0.09436187780136329,2025-10-04T00:00:00Z,2025-10-04T02:00:00Z
36707.94025,35639.471042,97950.91830599999,4246.459076,11994.700996,72347.411292,1068.4692080000023,134658.858556,16241.160071999999,-7748.2419199999995,0.9665252239509543,75998.32,321427.02465,2194.0,5.151046336101062,0.165798199905276,0.0016910225403177215,0.14170996693434468,2025-10-04T02:00:00Z,2025-10-04T04:00:00Z
31780.116394,33528.663492,61818.615388,8595.853187,12726.156925,65308.779886000004,-1748.547097999999,93598.731782,21322.010112,-4130.303737999999,0.6150934468890419,75821.81,319979.95900000003,1890.0,4.477342470077539,0.18957345971564177,0.02218434966597682,0.11814744801511567,2025-10-04T04:00:00Z,2025-10-04T06:00:00Z
31585.68493,37262.188903,47657.928471,8152.494927,14311.759638,68847.873833,-5676.503973000003,79243.613401,22464.254565,-6159.264711,0.9945536348567325,114776.4,483710.5971,2378.0,5.284868154190159,0.18899125915426973,0.0,0.11834319526626835,2025-10-04T06:00:00Z,2025-10-04T08:00:00Z
14104.815966,12839.709535,486916.56714700005,14003.591267,21902.628726,26944.525501,1265.1064310000002,501021.3831130001,35906.219993,-7899.037458999999,1.7610661589719356,197876.02,823592.79044,4413.0,6.043486584994562,0.16650808753567725,0.05678464493298341,0.14398848092153083,2025-10-04T08:00:00Z,2025-10-04T10:00:00Z
126566.574659,117905.871661,220154.966131,17440.306183,13756.225231,244472.44632,8660.702998000008,346721.54079,31196.531414,3684.0809520000003,0.8222490931076134,140433.73,581073.96004,3689.0,6.016854729979548,0.16932752781810834,0.0,0.12097749818533732,2025-10-04T10:00:00Z,2025-10-04T12:00:00Z
30677.21215,30617.450026,109606.596689,24042.711018,10454.13096,61294.662176,59.76212400000077,140283.808839,34496.841978000004,13588.580058000001,0.8704061895551156,137091.42,567413.15691,2988.0,4.997904161586142,0.265828902851617,0.1210067763794731,0.2417210539037873,2025-10-04T12:00:00Z,2025-10-04T14:00:00Z
48200.878437,45291.703245000004,160985.604049,15692.605073,44506.542029,93492.581682,2909.175191999995,209186.482486,60199.147101999995,-28813.936955999998,1.4983083615272932,203063.61,835634.2755699999,4853.0,6.899169311460418,0.19497928345113547,-0.020229749971711897,0.14641288433382416,2025-10-04T14:00:00Z,2025-10-04T16:00:00Z
268866.848274,268137.065736,117670.103155,6896.752437,3819.006813,537003.91401,729.7825379999704,386536.951429,10715.75925,3077.745624,0.853242320819116,107590.59,441871.89586,2575.0,4.967562052192798,0.21913805697589828,-0.01809092744737839,0.17056530214424326,2025-10-04T16:00:00Z,2025-10-04T18:00:00Z
34203.336809,32896.435069,294898.52228699997,9346.120263,14435.414315,67099.771878,1306.9017400000012,329101.859096,23781.534578,-5089.294051999999,0.4619499149039661,78710.23,323534.8,1701.0,3.7219950730009943,0.17031630170317724,0.025944035054659143,0.17031630170317724,2025-10-04T18:00:00Z,2025-10-04T20:00:00Z
13406.233088,9182.36678,133397.990461,23715.854431,20850.254831,22588.599868,4223.866308000001,146804.22354900002,44566.109262,2865.5996000000014,0.6072382803011773,56697.1,233916.1867,1400.0,3.5141284346144497,0.21791767554477648,-0.024289531212051685,0.16965584100825382,2025-10-04T20:00:00Z,2025-10-04T22:00:00Z
10362.252665,9381.793179,42826.993954,3301.178759,4012.894284,19744.045844,980.4594859999997,53189.246619,7314.073043,-711.7155250000001,0.5087209302325559,69837.1,288789.28115,1397.0,3.265375668572146,0.12086052695189364,-0.009681479330048148,0.14513788098694524,2025-10-04T22:00:00Z,2025-10-05T00:00:00Z
19667.232219,24603.557299,92578.977908,3527.798104,2848.646104,44270.789518000005,-4936.325079999999,112246.210127,6376.444208,679.152,0.8220502901353918,58521.3,241735.48704,1488.0,4.239498928017205,0.16965584100825382,-0.033818386528117195,0.12130033964095066,2025-10-05T00:00:00Z,2025-10-05T02:00:00Z
14961.828279,15951.563127,104191.409824,18393.86652,3252.054185,30913.391406,-989.734848,119153.238103,21645.920705,15141.812334999999,1.7671266037279205,206088.88999999998,857068.57405,4353.0,6.320309301259908,0.2391200382592218,0.02428363283147883,0.16839066634591893,2025-10-05T02:00:00Z,2025-10-05T04:00:00Z
11841.303101,12744.122519999999,83622.767638,16859.201911,6856.452449,24585.425621,-902.8194189999995,95464.070739,23715.65436,10002.749462,1.775005996641877,303488.8,1274673.50626,5465.0,6.702892055668785,0.6427041180671056,0.6378904602395763,0.6427041180671056,2025-10-05T04:00:00Z,2025-10-05T06:00:00Z
22788.595766,29638.518185,134885.058878,18906.654182,7754.4205360000005,52427.113951,-6849.922419000002,157673.654644,26661.074718,11152.233645999997,1.4485870339586782,143943.3,609131.39344,3059.0,5.2976056287519,0.09487666034156961,0.005815978630641094,0.11862396204033177,2025-10-05T06:00:00Z,2025-10-05T08:00:00Z
195232.06312,197154.460441,209744.02673800002,17086.988722000002,7710.836073,392386.523561,-1922.3973209999967,404976.08985800005,24797.824795,9376.152649000001,1.2183692596063844,374374.71,1603293.65244,7003.0,9.17983253577499,0.16347501167678358,0.0325953971584525,0.1168770453482959,2025-10-05T08:00:00Z,2025-10-05T10:00:00Z
160845.131181,161335.029844,64710.418304,26857.289688,41880.11139,322180.16102500004,-489.89866299999994,225555.549485,68737.401078,-15022.821701999997,1.8271257905832605,356173.26,1504676.42064,6033.0,8.163457972195687,0.4508780256288647,0.4508780256288647,0.4508780256288647,2025-10-05T10:00:00Z,2025-10-05T12:00:00Z
45671.348962000004,49621.621513,72582.01798,28748.725884,14247.660627,95292.97047500001,-3950.2725509999946,118253.36694200001,42996.386511,14501.065257,1.278106508875725,290510.35,1224185.884,4446.0,6.961301724545033,0.14302741358760418,0.11579524634421912,0.14261944378417546,2025-10-05T12:00:00Z,2025-10-05T14:00:00Z
35159.43128,31570.455605,221475.599045,11976.980695,13154.232797,66729.886885,3588.975674999998,256635.030325,25131.213492000003,-1177.2521020000004,1.5094339622641522,137732.95,581324.9514,2989.0,6.06659289552085,0.16611295681064897,0.013664328795148784,0.18988844054118603,2025-10-05T14:00:00Z,2025-10-05T16:00:00Z
19587.771495,18438.738856,57879.559166,12603.017504,26294.810191,38026.510351000004,1149.032639000001,77467.330661,38897.827695,-13691.792687000001,1.565093668484701,170181.39,716281.78472,3890.0,7.570744488454695,0.1422812425895037,0.0,0.11916110581505768,2025-10-05T16:00:00Z,2025-10-05T18:00:00Z
13452.397466,18773.365822,28975.237385,16351.907536,19180.092496,32225.763288000002,-5320.968355999999,42427.634851,35532.000032,-2828.1849600000005,1.531833413116325,123872.54000000001,515802.42294,3674.0,6.856907300854198,0.14398848092153083,0.0023177776031224617,0.14464802314366754,2025-10-05T18:00:00Z,2025-10-05T20:00:00Z
35843.037281,36708.417758,186802.822562,15738.867705,16429.587054,72551.455039,-865.3804770000061,222645.85984299998,32168.454759,-690.719348999999,0.9666505558240704,77348.02,320500.22354,2632.0,6.368944019414324,0.14468290330359457,0.0,0.12071463061325005,2025-10-05T20:00:00Z,2025-10-05T22:00:00Z
2551.215869,1879.7079999999999,91163.53666499999,5664.583014,3447.08261,4430.923869,671.5078690000003,93714.752534,9111.665624,2217.500404,0.7957559681697699,54806.45,227763.42072,1887.0,4.9824802756921915,0.14416146083614523,-0.02402691013936309,0.12042389210018545,2025-10-05T22:00:00Z,2025-10-06T00:00:00Z
14994.453088,15146.495719999999,127714.904148,28387.328903,38100.293628,30140.948808,-152.04263199999878,142709.357236,66487.622531,-9712.964724999998,1.591128254580517,211253.04,875196.08598,5203.0,9.551593351625876,0.19300361881785522,-0.01807172552756864,0.1927710843373509,2025-10-06T00:00:00Z,2025-10-06T02:00:00Z
3236.678988,2983.590461,93228.324098,21998.213884,22686.767714999998,6220.269448999999,253.08852700000034,96465.003086,44684.981599,-688.5538309999974,1.107099879663063,101200.26,420361.83952,3191.0,6.954138908381102,0.2171814671814709,-0.024108003857281624,0.16835016835018424,2025-10-06T02:00:00Z,2025-10-06T04:00:00Z
18331.513638,20173.052222000002,51529.318169,5174.261206,8707.149155,38504.56586,-1841.5385840000017,69860.831807,13881.410360999998,-3532.887948999999,0.9379509379509308,98383.43,407619.16611,2431.0,5.911935641007338,0.14503263234225683,0.0,0.12054001928639702,2025-10-06T04:00:00Z,2025-10-06T06:00:00Z
45339.406081,48168.993566,65329.201061,41892.191371,84668.24338100001,93508.399647,-2829.5874849999964,110668.607142,126560.434752,-42776.05201000001,1.0832932113625404,175938.42,733177.47175,3939.0,6.645711299850654,0.2157238734419864,0.11618305071727786,0.19189254017749624,2025-10-06T06:00:00Z,2025-10-06T08:00:00Z
113734.15247,114908.150338,74085.315127,106866.091603,117021.750262,228642.302808,-1173.9978680000058,187819.467597,223887.841865,-10155.658659000008,0.6253006253006205,184676.42,769900.62547,3338.0,6.0440015300777805,0.33468802295003597,0.09606147934677622,0.16798656107510634,2025-10-06T08:00:00Z,2025-10-06T10:00:00Z
58194.384203,55236.615598,80012.501608,36630.440297,83986.539663,113430.999801,2957.7686050000048,138206.88581100001,120616.97996,-47356.099366,0.9365994236311168,120401.38,502033.58355,2959.0,5.922253327994942,0.1911132345915001,0.0610041282881113,0.16734401147501243,2025-10-06T10:00:00Z,2025-10-06T12:00:00Z
131431.771857,80631.319019,139402.567402,101330.373507,60893.294031000005,212063.090876,50800.45283800001,270834.33925900003,162223.667538,40437.07947599999,1.5362457993278937,232418.17,972664.27598,4752.0,6.948697280607896,0.2391200382592218,0.04790419161676551,0.1435750179468842,2025-10-06T12:00:00Z,2025-10-06T14:00:00Z
68204.72554900001,102045.792905,263632.311217,98683.826292,48358.181215000004,170250.518454,-33841.067355999985,331837.03676600003,147042.007507,50325.645076999994,1.5613910574875758,248073.91,1050866.2672299999,5413.0,8.233028973063927,0.1656804733727757,0.1019935435856878,0.1654455211533845,2025-10-06T14:00:00Z,2025-10-06T16:00:00Z
322843.188391,321194.780435,211665.813394,41997.234485,21533.881939,644037.968826,1648.4079559999518,534509.001785,63531.116424,20463.352546000002,1.9023015500234948,314385.88,1341874.05979,6856.0,9.024053814509369,0.1887237556027377,0.1488949659216976,0.1887237556027377,2025-10-06T16:00:00Z,2025-10-06T18:00:00Z
65639.671721,65059.773528,419605.048191,10428.577029,18162.961145,130699.44524900001,579.8981930000082,485244.719912,28591.538174,-7734.384116000001,0.5614035087719303,126017.26,539885.57058,3242.0,5.835624243296866,0.18665422305179646,0.054694110332520474,0.13989274889250058,2025-10-06T18:00:00Z,2025-10-06T20:00:00Z
23036.256102,22126.728807,123490.355,23439.983716,45754.465489,45162.984909,909.5272949999999,146526.611102,69194.449205,-22314.481773000003,1.0030324236062549,116904.71,500628.66822,2734.0,6.373960624298691,0.16248839368615542,0.04676174888940121,0.18587360594795044,2025-10-06T20:00:00Z,2025-10-06T22:00:00Z
323034.110463,322300.920005,127374.37557,6843.243814,7470.923553,645335.0304680001,733.1904579999973,450408.48603300005,14314.167367,-627.6797389999992,0.7234539089848236,77951.12,333469.86529,2165.0,5.2116454390983336,0.18674136321195078,0.04277528256532159,0.18621973929237035,2025-10-06T22:00:00Z,2025-10-07T00:00:00Z
17653.585962,22008.963225,797870.098717,13569.314865,13624.644427,39662.549187,-4355.3772629999985,815523.6846789999,27193.959292,-55.32956199999899,0.9597378277153644,90175.85,385138.68153,2456.0,5.8543761935823335,0.14028524666822584,0.037616355619973785,0.11717834544178185,2025-10-07T00:00:00Z,2025-10-07T02:00:00Z
10580.062204,12330.730410999999,59660.123518,3453.112537,18521.654415,22910.792615,-1750.6682069999988,70240.185722,21974.766952,-15068.541878,0.6815511163337231,56021.05,237770.59454,1607.0,4.524293293574555,0.16513328615238576,0.037423254794499705,0.09442870632671019,2025-10-07T02:00:00Z,2025-10-07T04:00:00Z
25978.950652,24573.033466,15188.936418,13010.335992999999,6769.641074,50551.984118,1405.9171859999988,41167.88707,19779.977067,6240.694918999999,1.697712803584062,127154.64,542548.31795,3158.0,6.373580315835192,0.1403508771929851,0.041469212771361175,0.1403508771929851,2025-10-07T04:00:00Z,2025-10-07T06:00:00Z
29180.18814,27739.333957,50115.318027,6494.777982,37777.102275,56919.522096999994,1440.8541829999995,79295.506167,44271.880257,-31282.324292999998,1.7572633552015038,183259.11,773534.95236,4057.0,6.419086536561536,0.21337126600284861,0.0672087639388197,0.11896264572923698,2025-10-07T06:00:00Z,2025-10-07T08:00:00Z
59564.018959999994,61199.289889,58999.791193000005,7973.997859,28967.231877,120763.308849,-1635.2709290000057,118563.810153,36941.229736,-20993.234018,1.1870845204178497,284211.92,1192797.35738,4294.0,7.72128201553699,0.18988844054118603,0.09473808546833773,0.19143335726250488,2025-10-07T08:00:00Z,2025-10-07T10:00:00Z
482626.038079,484994.298885,86378.691794,24271.233491,70894.58111,967620.336964,-2368.2608059999766,569004.7298730001,95165.81460099999,-46623.347619,2.167698904240119,747979.41,3118259.00065,11072.0,7.227981500014757,0.23786869647953734,0.17111444476742843,0.24154589371979673,2025-10-07T10:00:00Z,2025-10-07T12:00:00Z
34837.101727,36619.153837,473863.430768,71399.570497,89532.832146,71456.25556399999,-1782.052109999997,508700.53249500005,160932.402643,-18133.261649000007,1.777672434226124,234889.48,985661.41372,6991.0,8.367847808100715,0.18979833926453527,0.04741583688951945,0.16571969696971278,2025-10-07T12:00:00Z,2025-10-07T14:00:00Z
87714.878236,89821.656604,976936.5066160001,39470.852645,99665.510436,177536.53484,-2106.7783679999993,1064651.384852,139136.363081,-60194.657791,3.751493428912785,720314.78,2945936.81941,17652.0,14.570620243968978,0.2713369511593511,0.22260697501855775,0.2472799208704246,2025-10-07T14:00:00Z,2025-10-07T16:00:00Z
30338.578685,36261.333052,4613546.956492,22992.654642,20543.405254999998,66599.911737,-5922.754367000001,4643885.535177,43536.059897,2449.2493870000035,1.4278680452978785,290282.36,1180220.47906,5932.0,8.552533615525771,0.29375764993878617,0.14996422507778107,0.1960303847096334,2025-10-07T16:00:00Z,2025-10-07T18:00:00Z
19706.079066,16365.87681,154995.491516,23355.665379,16238.469837999999,36071.955876,3340.2022559999987,174701.57058200001,39594.135216999995,7117.195540999999,0.8138101109740932,169406.85,687908.99353,3634.0,6.8711231995818745,0.14767413241445482,0.0,0.1724987678659362,2025-10-07T18:00:00Z,2025-10-07T20:00:00Z
25893.436354999998,24927.201327,94444.039726,28733.698888,44302.362571,50820.637682,966.2350279999991,120337.476081,73036.06145899999,-15568.663682999999,0.9345794392523428,105566.37,431026.84356999997,2308.0,5.73044585683935,0.24384296513044745,0.04894762604015224,0.14752889107451095,2025-10-07T20:00:00Z,2025-10-07T22:00:00Z
6157.2162530000005,7028.456887,112828.833632,4414.751301,36590.082724,13185.67314,-871.2406339999998,118986.049885,41004.834025000004,-32175.331423,0.9830425165888433,128282.85,521753.14093,2602.0,5.750943880209003,0.19636720667648433,0.0,0.1476377952756014,2025-10-07T22:00:00Z,2025-10-08T00:00:00Z
30443.233391,29445.167792,53269.494033,26791.05439,15217.561698,59888.401183,998.0655990000014,83712.72742400001,42008.616088,11573.492692000002,0.9371146732429163,83489.37,340123.67505,2526.0,6.134454414389334,0.19656019656019152,-0.013437269479044112,0.24606299212598381,2025-10-08T00:00:00Z,2025-10-08T02:00:00Z
9015.95074,9396.017901,405626.43164599995,10017.886997,27289.556353,18411.968641,-380.06716099999903,414642.38238599995,37307.44335,-17271.669356,1.9348518246387614,132890.86,537331.15396,3775.0,7.972588000060332,0.17412935323382062,-0.02454590083456054,0.1985111662531014,2025-10-08T02:00:00Z,2025-10-08T04:00:00Z
69855.157833,63155.08604,116613.146144,17756.764021,8924.033552,133010.243873,6700.071793000003,186468.303977,26680.797573,8832.730468999998,1.0920824025812756,102999.09,415997.83806,3185.0,6.735071568569251,0.1980198019801982,0.040087887266815336,0.1973846533432022,2025-10-08T04:00:00Z,2025-10-08T06:00:00Z
35239.712868,41056.445201,27068.684889,5931.15831,2641.1952149999997,76296.158069,-5816.732333,62308.397757,8572.353524999999,3289.963095,0.9646302250803784,75689.12,306553.18742,3052.0,7.185544892618578,0.19723865877712132,-0.02477700693757079,0.1724987678659362,2025-10-08T06:00:00Z,2025-10-08T08:00:00Z
37951.320734,37398.974685,106337.153454,12986.977378,2768.564795,75350.295419,552.3460489999998,144288.474188,15755.542173,10218.412583,0.7866273352999024,101791.61,414603.50578,2494.0,5.45194305481318,0.17152658662094034,0.04921259842519676,0.147492625368717,2025-10-08T08:00:00Z,2025-10-08T10:00:00Z
28324.925269,37450.648108,142185.073858,6462.914758,15796.464816,65775.573377,-9125.722839000002,170509.999127,22259.379574,-9333.550058,0.564833005893902,76599.84,311946.89743,2210.0,4.639208260077576,0.17182130584191269,-0.0190144096873901,0.17177914110431125,2025-10-08T10:00:00Z,2025-10-08T12:00:00Z
29416.57157,29728.939838,154420.637545,8965.283232,7803.426341,59145.511408,-312.36826799999835,183837.209115,16768.709573,1161.8568909999995,1.0329562223315252,119332.89,486104.53872,3465.0,7.534564394009591,0.17194792434290784,0.0,0.14687882496940974,2025-10-08T12:00:00Z,2025-10-08T14:00:00Z
85534.403556,83148.414411,218348.608948,31154.375574,16648.843806,168682.817967,2385.9891449999996,303883.012504,47803.21938,14505.531768,1.390243902439034,160864.16,662260.53767,4748.0,8.21366224465898,0.19493177387914784,0.018041469794483067,0.1458080194410738,2025-10-08T14:00:00Z,2025-10-08T16:00:00Z
111830.936908,102806.638444,160291.963094,49749.648214,22993.011013,214637.575352,9024.298464000007,272122.90000200004,72742.659227,26756.637201,2.3351982486013156,261081.06,1088399.00716,4654.0,7.50551969269142,0.19365770999757448,0.012274880984119996,0.1667063586568207,2025-10-08T16:00:00Z,2025-10-08T18:00:00Z
33554.947596,31884.939763,116043.000405,11396.469673,28557.261648,65439.887359,1670.0078329999997,149597.94800099998,39953.731321,-17160.791975,1.1916110581506154,130441.63,543884.67442,3617.0,6.6657208963616155,0.19038553069966602,0.019818256381665122,0.1439194051331083,2025-10-08T18:00:00Z,2025-10-08T20:00:00Z
113010.417474,114538.3793,67151.517034,26745.880203,11950.05452,227548.796774,-1527.9618259999988,180161.934508,38695.934723,14795.825683000001,0.8147615624251092,116651.05,486756.4169,2684.0,5.682672198214789,0.1911132345915001,0.0054634556908683685,0.1672640382317736,2025-10-08T20:00:00Z,2025-10-08T22:00:00Z
113714.461656,111985.45994300001,79073.211465,5694.711439,20578.363814,225699.921599,1729.0017129999906,192787.673121,26273.075253,-14883.652375000001,0.8649687650168303,112114.85,468347.99423,2627.0,5.557674534426749,0.19175455417066445,0.023946360153259683,0.11996161228406965,2025-10-08T22:00:00Z,2025-10-09T00:00:00Z
89676.378769,90740.112771,244323.500922,14065.246047,20590.508965999998,180416.49154000002,-1063.7340019999974,333999.879691,34655.755013,-6525.262918999997,1.7253774263120074,99954.33,414354.2145,2608.0,5.986793200110441,0.12138868657440849,0.04793863854265501,0.12127091923356259,2025-10-09T00:00:00Z,2025-10-09T02:00:00Z
21136.211337,13779.138424,76807.026006,6114.572263,28919.014458,34915.349761000005,7357.072913,97943.237343,35033.586721,-22804.442195000003,1.8410852713178418,116707.59,476631.3035,3173.0,7.707967325400178,0.21791767554477648,0.04024089411891474,0.14756517461879115,2025-10-09T02:00:00Z,2025-10-09T04:00:00Z
30685.021287,30340.363818,86694.85976,7713.432061,15725.791244,61025.385105,344.65746899999795,117379.881047,23439.223305,-8012.359183,0.7334963325183218,73689.66,301809.70014,1853.0,4.958861110646184,0.21929824561404132,0.004952391444790205,0.14655593551539114,2025-10-09T04:00:00Z,2025-10-09T06:00:00Z
30623.44515,40111.169632000005,60217.311051000004,5023.127426,13129.590153,70734.614782,-9487.724482000005,90840.75620100001,18152.717579,-8106.462726999999,0.9782342871117641,91803.38,373804.55804,2430.0,6.164338997454122,0.22026431718062955,-0.024521824423717753,0.09866798223977513,2025-10-09T06:00:00Z,2025-10-09T08:00:00Z
54171.867264,47267.985864,208650.285174,98645.65998000001,13023.109149,101439.853128,6903.881399999998,262822.15243799996,111668.76912900001,85622.55083100002,1.5763546798029573,234505.34,944475.03719,6423.0,9.16126784214486,0.17465069860278515,0.24479617853945257,0.17465069860278515,2025-10-09T08:00:00Z,2025-10-09T10:00:00Z
71257.103373,70255.663373,173554.340825,14349.909816000001,6027.746514,141512.766746,1001.4400000000023,244811.444198,20377.65633,8322.163302,1.116902457185404,212011.44,855445.30472,4132.0,6.664456332249613,0.2718062762540163,0.12394645513138514,0.24758603614755126,2025-10-09T10:00:00Z,2025-10-09T12:00:00Z
43707.175721,42086.655176,514413.276941,23658.865276,9126.3073,85793.830897,1620.5205449999994,558120.452662,32785.172576,14532.557976,1.4388489208633053,161746.78,654904.0761899999,3682.0,7.313288868813905,0.17361111111110494,0.07425742574257432,0.17361111111110494,2025-10-09T12:00:00Z,2025-10-09T14:00:00Z
50169.016677,44885.617409,230928.75792899998,28594.361399999998,8762.185725,95054.634086,5283.399268000001,281097.774606,37356.547125,19832.175675,1.3184079601990035,274395.67,1100585.5888,6010.0,8.291178178915537,0.17395626242543427,-0.024673416950649063,0.1491795126802642,2025-10-09T14:00:00Z,2025-10-09T16:00:00Z
102527.94373300001,103606.673141,219874.797262,116470.787172,29535.296236000002,206134.616874,-1078.7294079999992,322402.740995,146006.083408,86935.49093599999,1.4951407924246214,249600.46,1002255.5382600001,4704.0,8.965186695996152,0.19895548371051675,-0.024937655860357566,0.19920318725099584,2025-10-09T16:00:00Z,2025-10-09T18:00:00Z
33093.563147,30347.15361,93112.711425,26934.525763999998,29675.469764,63440.716757,2746.4095369999995,126206.274572,56609.995528,-2740.944000000003,0.7167572911517527,113415.06,458229.08606,2190.0,5.226614344472935,0.17348203221810854,0.04436015414628347,0.24764735017337447,2025-10-09T18:00:00Z,2025-10-09T20:00:00Z
43488.29106,47653.374212,80172.655187,28714.88025,43890.492645,91141.66527200001,-4165.083151999999,123660.946247,72605.372895,-15175.612395,0.49541738915034866,83490.83,337299.13479,1669.0,5.4450477696973865,0.14851485148514865,-0.02353809667987594,0.14847809948033142,2025-10-09T20:00:00Z,2025-10-09T22:00:00Z
84851.883774,86816.752511,172767.862577,17568.022198,15721.326883999998,171668.63628500002,-1964.868736999997,257619.74635099998,33289.349082,1846.6953140000005,0.7409236848604654,86825.56,352335.23171,2135.0,4.8066621123761255,0.17241379310344307,-0.01615957042140348,0.172032440403036,2025-10-09T22:00:00Z,2025-10-10T00:00:00Z
